-- phpMyAdmin SQL Dump
-- version 4.1.14
-- http://www.phpmyadmin.net
--
-- Host: 127.0.0.1
-- Generation Time: Aug 11, 2015 at 05:26 PM
-- Server version: 5.6.17
-- PHP Version: 5.5.12

SET SQL_MODE = "NO_AUTO_VALUE_ON_ZERO";
SET time_zone = "+00:00";


/*!40101 SET @OLD_CHARACTER_SET_CLIENT=@@CHARACTER_SET_CLIENT */;
/*!40101 SET @OLD_CHARACTER_SET_RESULTS=@@CHARACTER_SET_RESULTS */;
/*!40101 SET @OLD_COLLATION_CONNECTION=@@COLLATION_CONNECTION */;
/*!40101 SET NAMES utf8 */;

--
-- Database: `gravitas15`
--

-- --------------------------------------------------------

--
-- Table structure for table `combos`
--

CREATE TABLE IF NOT EXISTS `combos` (
  `reg_id` varchar(11) NOT NULL,
  `1` int(11) NOT NULL,
  `2` int(11) NOT NULL,
  `3` int(11) NOT NULL,
  `4` int(11) NOT NULL,
  `5` int(11) NOT NULL,
  `6` int(11) NOT NULL,
  `7` int(11) NOT NULL,
  `8` int(11) NOT NULL,
  `9` int(11) NOT NULL,
  `10` int(11) NOT NULL,
  PRIMARY KEY (`reg_id`)
) ENGINE=InnoDB DEFAULT CHARSET=latin1;

--
-- Dumping data for table `combos`
--

INSERT INTO `combos` (`reg_id`, `1`, `2`, `3`, `4`, `5`, `6`, `7`, `8`, `9`, `10`) VALUES
('0', 1028, 1025, 1030, 1031, 1032, 1033, 1034, 1035, 1036, 1039),
('13', 1024, 1027, 1029, 1030, 1031, 1032, 1033, 1034, 1035, 1036),
('13bce0267', 1024, 1027, 1029, 1030, 1031, 1032, 1033, 1034, 1035, 1036),
('13bee0368', 1037, 1038, 1055, 1040, 1041, 1042, 1043, 1045, 1046, 1047);

-- --------------------------------------------------------

--
-- Table structure for table `dd_payment`
--

CREATE TABLE IF NOT EXISTS `dd_payment` (
  `ddno` varchar(30) NOT NULL,
  `user_id` varchar(30) NOT NULL,
  `sum` int(11) NOT NULL,
  `bank_name` text NOT NULL,
  `dd_date` date NOT NULL,
  `paid_status` int(11) NOT NULL DEFAULT '0',
  PRIMARY KEY (`ddno`)
) ENGINE=InnoDB DEFAULT CHARSET=latin1;

--
-- Dumping data for table `dd_payment`
--

INSERT INTO `dd_payment` (`ddno`, `user_id`, `sum`, `bank_name`, `dd_date`, `paid_status`) VALUES
('000000000', '10000', 50, 'Indian Bank', '2016-01-01', 0),
('45454544545', '10000', 80, 'Indian bank', '2015-08-05', 1),
('aljsljdlks', '10028', 80, 'fakfksjkla', '2015-08-14', 0);

-- --------------------------------------------------------

--
-- Table structure for table `events`
--

CREATE TABLE IF NOT EXISTS `events` (
  `id` int(11) NOT NULL AUTO_INCREMENT,
  `name` text NOT NULL,
  `price` int(11) NOT NULL,
  `total_seats` int(11) NOT NULL,
  `filled_seats` int(11) NOT NULL DEFAULT '0',
  `total_ext` int(11) NOT NULL,
  `filled_ext` int(11) NOT NULL DEFAULT '0',
  `team` int(11) NOT NULL DEFAULT '0',
  `min` int(11) NOT NULL DEFAULT '0',
  `max` int(11) NOT NULL DEFAULT '0',
  `type` int(11) NOT NULL,
  PRIMARY KEY (`id`)
) ENGINE=InnoDB  DEFAULT CHARSET=latin1 AUTO_INCREMENT=1189 ;

--
-- Dumping data for table `events`
--

INSERT INTO `events` (`id`, `name`, `price`, `total_seats`, `filled_seats`, `total_ext`, `filled_ext`, `team`, `min`, `max`, `type`) VALUES
(1001, 'Code to create', 80, 450, 0, 50, 2, 0, 1, 5, 0),
(1002, 'Gameathon-DOTA 2', 200, 160, 2, 50, 0, 0, 1, 5, 0),
(1003, 'Gameathon-COD', 200, 250, 5, 75, 1, 0, 1, 5, 0),
(1004, 'Gameathon-CS', 200, 250, 11, 75, 0, 0, 1, 5, 0),
(1005, 'Gameathon-AOE', 200, 80, 4, 16, 0, 0, 1, 2, 0),
(1006, 'Gameathon-FIFA', 150, 250, 35, 50, 2, 1, 0, 0, 0),
(1007, 'Gameathon-NFS', 150, 200, 13, 20, 1, 1, 0, 0, 0),
(1008, 'Aerodominator ', 300, 50, 1, 150, 0, 0, 1, 5, 0),
(1009, 'COOK OFF', 0, 450, 8, 50, 0, 1, 0, 0, 0),
(1010, 'VIT Rubik''s cube challenge', 50, 10, 4, 140, 1, 1, 0, 0, 0),
(1011, 'VIT Auto Expo''15', 200, 2800, 144, 200, 0, 1, 0, 0, 0),
(1012, 'Code-a-Thon', 200, 450, 5, 50, 0, 1, 0, 0, 0),
(1013, 'Merchantry', 150, 180, 29, 20, 0, 0, 1, 5, 0),
(1014, 'The Ultimate Engineer', 100, 250, 1, 50, 0, 1, 0, 0, 0),
(1015, 'FUTUREPRENEURS', 150, 170, 6, 10, 0, 0, 1, 2, 0),
(1016, 'START UP STREET Round 1', 250, 450, 12, 250, 0, 1, 0, 0, 0),
(1017, 'IEYS', 450, 500, 24, 50, 0, 1, 0, 0, 0),
(1018, 'Conclave', 200, 250, 4, 20, 0, 1, 0, 0, 0),
(1019, 'Gravitas Quiz Series', 100, 350, 4, 50, 1, 0, 1, 2, 0),
(1020, 'Tagi', 200, 150, 0, 100, 0, 1, 0, 0, 0),
(1021, 'Tagi(Talk-a-thon)', 50, 100, 0, 50, 0, 0, 1, 2, 0),
(1022, 'Young India', 400, 500, 3, 0, 0, 1, 0, 0, 0),
(1023, 'Impact', 350, 300, 0, 100, 0, 1, 0, 0, 0),
(1024, '3D Maya Workshop', 100, 100, 12, 20, 0, 1, 0, 0, 1),
(1025, '3-D Printing', 600, 180, 9, 20, 0, 1, 0, 0, 1),
(1026, 'Aero Modeling Workshop', 1500, 100, 8, 0, 0, 0, 1, 5, 1),
(1027, 'Antenna Design', 50, 90, 4, 10, 0, 0, 1, 2, 1),
(1028, 'Automotive workshop', 600, 400, 11, 100, 0, 1, 0, 0, 1),
(1029, 'Big Data Analysis', 100, 150, 6, 50, 0, 1, 0, 0, 1),
(1030, 'Bionic proE', 100, 80, 0, 20, 0, 1, 0, 0, 1),
(1031, 'Brandwagon', 200, 120, 0, 30, 0, 1, 0, 0, 1),
(1032, 'CAD modelling workshop', 200, 120, 41, 120, 0, 1, 0, 0, 1),
(1033, 'Cloud Computing', 100, 100, 9, 20, 1, 1, 0, 0, 1),
(1034, 'Comic Designing Workshop', 200, 100, 12, 20, 0, 1, 0, 0, 1),
(1035, 'Forensic and the Science of Deduction', 400, 160, 5, 40, 0, 1, 0, 0, 1),
(1036, 'Idea Pitching', 100, 90, 5, 10, 0, 1, 0, 0, 1),
(1037, 'Invent-o-pi', 1100, 120, 0, 20, 0, 0, 1, 4, 1),
(1038, 'Robotix Workshop', 1000, 720, 16, 80, 0, 0, 1, 4, 1),
(1039, 'Mozilla Firefox OS App Days ', 300, 200, 5, 50, 0, 1, 0, 0, 1),
(1040, 'Phone Gap ', 100, 110, 2, 20, 0, 1, 0, 0, 1),
(1041, 'Python and Google App Engine for the Beginner Developer', 300, 100, 15, 20, 0, 1, 0, 0, 1),
(1042, 'Sensored', 600, 140, 4, 20, 0, 0, 1, 4, 1),
(1043, 'SFX Workshop', 100, 80, 2, 10, 0, 1, 0, 0, 1),
(1044, 'Star Party', 150, 130, 52, 20, 0, 1, 0, 0, 1),
(1045, 'Stockgyaan', 200, 180, 4, 20, 0, 1, 0, 0, 1),
(1046, 'Studio To Stage', 100, 130, 7, 20, 1, 1, 0, 0, 1),
(1047, 'THE iOS FUSION', 300, 200, 85, 50, 2, 1, 0, 0, 1),
(1048, 'The Ultimate Designer', 250, 200, 8, 50, 0, 1, 0, 0, 1),
(1049, 'Under The Hood', 50, 300, 51, 50, 0, 0, 1, 2, 1),
(1050, 'Artificial Intelligence', 100, 80, 2, 20, 0, 1, 0, 0, 1),
(1051, 'Augmented Reality', 500, 130, 1, 20, 0, 1, 0, 0, 1),
(1052, 'CRYPTORAMA', 100, 70, 5, 10, 0, 1, 0, 0, 1),
(1053, 'IOT', 500, 110, 3, 30, 0, 1, 0, 0, 1),
(1054, 'Introduction to Web Development', 200, 100, 3, 20, 0, 1, 0, 0, 1),
(1055, 'Animatronic Hand Workshop', 1400, 135, 1, 25, 0, 0, 1, 5, 1),
(1056, 'Gesture controlled Robotics Workshop', 1000, 135, 0, 25, 0, 0, 1, 5, 1),
(1057, 'SAP 2000', 400, 80, 5, 20, 0, 1, 0, 0, 1),
(1058, 'CellTech (Do it yourself)', 400, 220, 1, 30, 2, 1, 0, 0, 1),
(1059, 'Lanka Reloaded ', 100, 180, 2, 60, 0, 0, 1, 3, 2),
(1060, 'RoboWars''15', 100, 180, 79, 60, 0, 0, 1, 3, 2),
(1061, 'Cric-o-bot ', 50, 99, 1, 51, 0, 0, 1, 3, 2),
(1062, 'RoboGP', 100, 400, 3, 100, 0, 0, 1, 5, 2),
(1063, 'AquaBot', 150, 150, 1, 50, 0, 0, 1, 2, 2),
(1064, 'Dimensions', 100, 255, 1, 45, 0, 0, 1, 3, 2),
(1065, 'Magneto(with Bot)', 100, 60, 4, 30, 0, 0, 1, 3, 2),
(1066, 'RobosTackle', 150, 100, 1, 0, 0, 0, 1, 2, 2),
(1067, 'Magneto(without Bot)', 150, 90, 4, 0, 0, 0, 1, 3, 2),
(1068, 'RoboMaze', 100, 160, 9, 40, 0, 0, 1, 4, 2),
(1069, 'Bug Tracker', 50, 150, 8, 50, 0, 0, 1, 2, 2),
(1070, 'C Tycoon ', 50, 200, 3, 40, 0, 0, 1, 2, 2),
(1071, 'Code Scrooge', 100, 150, 4, 20, 0, 1, 0, 0, 2),
(1072, 'Code-o-poly', 50, 140, 4, 20, 0, 0, 1, 2, 2),
(1073, 'Code Relay', 100, 80, 8, 20, 1, 1, 0, 0, 2),
(1074, 'Crack Jack ', 50, 190, 3, 10, 1, 0, 1, 2, 2),
(1075, 'FTP Maze ', 100, 170, 2, 30, 0, 1, 0, 0, 2),
(1076, 'Game of Codes', 100, 120, 2, 30, 0, 1, 0, 0, 2),
(1077, 'Jumble Coding ', 100, 170, 12, 30, 1, 1, 0, 0, 2),
(1078, 'Polyglot', 50, 90, 8, 10, 0, 0, 1, 2, 2),
(1079, 'Sudo-code', 100, 80, 9, 20, 0, 1, 0, 0, 2),
(1080, 'Virtual Getaway', 80, 60, 5, 20, 1, 1, 0, 0, 2),
(1081, 'Chem-E-Clock', 100, 80, 4, 40, 0, 0, 1, 4, 2),
(1082, 'Chem-E-Car', 100, 45, 1, 15, 0, 0, 1, 3, 2),
(1083, 'Apollo Infinite ', 50, 90, 4, 30, 0, 0, 1, 3, 2),
(1084, 'Aquanaut ', 50, 150, 5, 0, 0, 0, 1, 3, 2),
(1085, 'Bucket Chute ', 50, 300, 15, 0, 0, 0, 1, 3, 2),
(1086, 'CADPRO ', 100, 135, 2, 15, 0, 0, 1, 2, 2),
(1087, 'Chain Reaction ', 100, 80, 1, 20, 0, 0, 1, 2, 2),
(1088, 'Chem-o-Matics  ', 50, 60, 6, 40, 0, 0, 1, 2, 2),
(1089, 'Craft Racing ', 50, 80, 3, 10, 0, 0, 1, 2, 2),
(1090, 'Gear Up ', 35, 160, 12, 40, 0, 0, 1, 3, 2),
(1091, 'Hydranoid Ascent ', 50, 160, 2, 40, 0, 0, 1, 2, 2),
(1092, 'Interstellar', 50, 75, 3, 5, 0, 0, 1, 2, 2),
(1093, 'Catapult ', 75, 170, 4, 30, 0, 0, 1, 2, 2),
(1094, 'Mech-a-niser', 100, 70, 18, 80, 0, 0, 1, 2, 2),
(1095, 'Reverse Engineering', 50, 130, 8, 0, 0, 0, 1, 2, 2),
(1096, 'Roller Coaster ', 50, 120, 1, 10, 0, 0, 1, 3, 2),
(1097, 'The Self made Engineer', 100, 130, 1, 20, 0, 0, 1, 2, 2),
(1098, 'Swing-O-Golf', 50, 150, 2, 0, 0, 0, 1, 3, 2),
(1099, 'Maze hustle', 50, 180, 6, 0, 0, 0, 1, 3, 2),
(1100, 'Contraptions', 50, 60, 1, 40, 0, 0, 1, 5, 2),
(1101, 'Master of Morse Decoding', 50, 120, 9, 0, 0, 0, 1, 2, 2),
(1102, 'Bull Street Strategist', 50, 120, 2, 30, 0, 0, 1, 2, 3),
(1103, 'Magnas ', 35, 90, 1, 15, 0, 0, 1, 3, 3),
(1104, 'Management Guru ', 100, 80, 3, 20, 0, 1, 0, 0, 3),
(1105, 'OP-ERA', 75, 90, 2, 30, 0, 0, 1, 2, 3),
(1106, 'The Last Second', 50, 120, 1, 0, 0, 0, 1, 2, 3),
(1107, 'House of Brands', 100, 90, 4, 10, 0, 0, 1, 2, 3),
(1108, 'Vyapaar Mantra', 50, 100, 9, 20, 0, 0, 1, 2, 3),
(1109, 'BattleField ', 40, 400, 3, 0, 0, 0, 1, 5, 4),
(1110, 'Battlefield Scientifica', 100, 80, 2, 0, 0, 1, 0, 0, 4),
(1111, 'BEYBLADE', 50, 200, 13, 50, 0, 1, 0, 0, 4),
(1112, 'Caption Me!', 50, 120, 1, 0, 0, 0, 1, 2, 4),
(1113, 'Desi Safari ', 100, 150, 2, 50, 0, 1, 0, 0, 4),
(1114, 'Don''t Tell Me Why? ', 50, 60, 1, 0, 0, 1, 0, 0, 4),
(1115, 'Dynasty ', 50, 50, 2, 20, 0, 0, 1, 2, 4),
(1116, 'Faking News', 50, 60, 2, 20, 0, 0, 1, 2, 4),
(1117, 'Forensics', 50, 100, 19, 10, 0, 1, 0, 0, 4),
(1118, 'Junkyard Genius ', 50, 100, 3, 80, 0, 0, 1, 2, 4),
(1119, 'One Hundred Forty', 100, 150, 9, 50, 0, 1, 0, 0, 4),
(1120, 'R.O.A.R. : Reach out act respond', 0, 200, 1, 50, 0, 1, 0, 0, 4),
(1121, 'SNOOK ball', 50, 800, 18, 100, 0, 1, 0, 0, 4),
(1122, 'Suits', 50, 80, 9, 40, 1, 0, 1, 2, 4),
(1123, 'Switches', 50, 60, 5, 10, 0, 1, 0, 0, 4),
(1124, 'Takeshi''s Castle - The Square Maze', 50, 200, 74, 50, 1, 1, 0, 0, 4),
(1125, 'Trekker Ingredients', 50, 150, 15, 50, 0, 1, 0, 0, 4),
(1126, 'Visionmania', 100, 70, 4, 30, 0, 1, 0, 0, 4),
(1127, 'PAC-WAY', 150, 550, 47, 50, 0, 1, 0, 0, 4),
(1128, 'The Amazing Race', 50, 300, 85, 0, 0, 0, 1, 2, 4),
(1129, 'Dark Race', 0, 2000, 52, 2000, 0, 1, 0, 0, 4),
(1130, 'Hassle Free City', 40, 280, 2, 40, 0, 0, 1, 4, 4),
(1131, 'Bitzer', 35, 240, 2, 30, 0, 0, 1, 3, 4),
(1132, 'Brick Up', 50, 120, 1, 30, 0, 0, 1, 3, 4),
(1133, 'Krazy Bridge', 50, 100, 1, 20, 0, 0, 1, 2, 4),
(1134, 'City Tycoon ', 50, 140, 2, 40, 0, 0, 1, 2, 4),
(1135, 'Clash of Clans', 50, 320, 10, 80, 0, 0, 1, 4, 4),
(1136, 'Connectify', 50, 210, 1, 30, 0, 0, 1, 3, 4),
(1137, 'Crane-o-logy', 75, 140, 1, 0, 0, 0, 1, 2, 4),
(1138, 'Zenith', 50, 120, 1, 30, 0, 0, 1, 3, 4),
(1139, 'Equilibre', 50, 200, 1, 40, 0, 0, 1, 4, 4),
(1140, 'Cranamonia', 35, 240, 1, 230, 0, 0, 1, 3, 4),
(1141, 'Jenga Reloaded', 50, 200, 3, 50, 0, 1, 0, 0, 4),
(1142, 'Maglev ', 50, 140, 13, 60, 0, 0, 1, 3, 4),
(1143, 'Minify', 50, 120, 1, 40, 0, 0, 1, 2, 4),
(1144, 'Popstick-o-fest', 75, 120, 1, 40, 0, 0, 1, 2, 4),
(1145, 'The Discoverer', 50, 120, 3, 40, 0, 0, 1, 2, 4),
(1146, 'THE TRAFFIC-KING', 50, 160, 12, 40, 0, 0, 1, 2, 4),
(1147, 'TILTATORRE', 35, 270, 32, 30, 0, 0, 1, 3, 4),
(1148, 'Build 2 Destroy', 50, 240, 42, 60, 0, 0, 1, 2, 4),
(1149, 'Via Ropes', 75, 120, 1, 10, 0, 0, 1, 2, 4),
(1150, 'Suspendo', 50, 195, 1, 45, 0, 0, 1, 3, 4),
(1151, 'graVITas Guess Challenge', 0, 100, 6, 50, 0, 1, 0, 0, 4),
(1152, 'The ''GOOGLE'' design', 100, 70, 3, 10, 0, 1, 0, 0, 4),
(1153, 'String Theory ', 50, 60, 3, 0, 0, 1, 0, 0, 4),
(1154, 'Meme Wars', 0, 130, 1, 20, 0, 1, 0, 0, 4),
(1155, 'graVITas Premier League ', 0, 1300, 2, 300, 0, 1, 0, 0, 4),
(1156, 'Wolf of Wall Street', 100, 100, 10, 0, 0, 1, 0, 0, 4),
(1157, 'LabVIEW Genius', 100, 100, 6, 20, 0, 1, 0, 0, 2),
(1158, 'Impedance', 50, 150, 1, 20, 0, 0, 1, 2, 2),
(1159, 'Scrapper', 50, 120, 7, 0, 0, 0, 1, 2, 2),
(1160, 'Electricity', 50, 75, 5, 5, 0, 0, 1, 2, 2),
(1161, 'Greatest Heist', 50, 100, 8, 20, 0, 0, 1, 2, 2),
(1162, 'Circuitronics', 50, 90, 2, 10, 0, 1, 0, 0, 2),
(1163, 'Nuclear Plasma Component Design', 50, 40, 10, 10, 0, 0, 1, 2, 2),
(1164, 'Electropedia', 50, 170, 7, 30, 0, 0, 1, 2, 2),
(1165, 'Biowizard ', 0, 100, 1, 20, 0, 0, 1, 2, 2),
(1166, 'DNA - Disease N'' Adventure', 50, 75, 2, 25, 0, 1, 0, 0, 2),
(1167, 'Grey House Theory', 25, 60, 1, 60, 0, 0, 1, 2, 2),
(1168, 'True Detective', 100, 50, 14, 20, 0, 0, 1, 2, 2),
(1169, 'Bio Warfare', 75, 80, 1, 20, 0, 0, 1, 2, 2),
(1170, 'Engineers The Tooners', 50, 80, 2, 20, 0, 0, 1, 2, 4),
(1171, 'Fact or Fiction', 50, 30, 1, 50, 0, 0, 1, 2, 4),
(1172, 'Minute To Win IT', 50, 100, 52, 100, 0, 0, 1, 2, 4),
(1173, 'Quiz Relay', 50, 70, 2, 0, 0, 0, 1, 2, 4),
(1174, 'All About VIT', 50, 200, 1, 0, 0, 0, 1, 2, 4),
(1175, 'Combo 1', 4000, 100, 1, 100, 1, 1, 0, 0, 5),
(1176, 'Combo 2', 2000, 100, 1, 100, 7, 1, 0, 0, 5),
(1177, 'Combo 3', 1500, 100, 0, 100, 1, 1, 0, 0, 5),
(1178, 'Combo 4', 1000, 100, 0, 100, 1, 1, 0, 0, 5),
(1179, 'Combo 5', 5000, 100, 0, 100, 1, 1, 0, 0, 5),
(1181, 'Reverse Coding', 25, 140, 3, 20, 0, 0, 1, 2, 2),
(1182, 'All in Photography', 100, 80, 10, 20, 0, 1, 0, 0, 1),
(1184, 'Start Up Street Round 2', 250, 450, 0, 250, 0, 0, 1, 1, 0),
(1185, 'Beg Borrow Steal', 50, 450, 33, 0, 0, 1, 0, 0, 4),
(1186, 'RISA Comedy Night Day1+Day2', 700, 100, 0, 0, 0, 1, 0, 0, 0),
(1187, 'RISA Comedy Night Day1', 400, 100, 0, 0, 0, 1, 0, 0, 0),
(1188, 'RISA Comedy Night Day2', 400, 100, 0, 0, 0, 1, 0, 0, 0);

-- --------------------------------------------------------

--
-- Table structure for table `external_participants`
--

CREATE TABLE IF NOT EXISTS `external_participants` (
  `id` int(11) NOT NULL AUTO_INCREMENT,
  `name` text NOT NULL,
  `regno` varchar(100) NOT NULL,
  `gender` varchar(20) NOT NULL,
  `college` text NOT NULL,
  `phno` bigint(11) NOT NULL,
  `email` varchar(150) NOT NULL,
  `acc_details` int(11) NOT NULL DEFAULT '0',
  `pword` varchar(10) NOT NULL,
  PRIMARY KEY (`id`),
  UNIQUE KEY `email` (`email`),
  UNIQUE KEY `regno` (`regno`)
) ENGINE=InnoDB  DEFAULT CHARSET=latin1 AUTO_INCREMENT=10084 ;

--
-- Dumping data for table `external_participants`
--

INSERT INTO `external_participants` (`id`, `name`, `regno`, `gender`, `college`, `phno`, `email`, `acc_details`, `pword`) VALUES
(10000, 'S. Rajalakshmi', '12MSE0363', 'female', 'VIT Vellore', 9500095982, 'shambhavi110@gmail.com', 1, '1'),
(10001, 'susmitha parthipan', '3320342', 'female', 'sathyabama university chennai', 9843288626, 'susisandy47@yahoo.com', 0, '743f8fba8d'),
(10003, 'sid', '12bit0193', 'male', 'srn', 9092899914, 'ss@s.com', 0, 'fdee8d2069'),
(10004, 'YASH GUPTA', '15BME0876', 'male', 'VIT UNIVERSITY VELLORE', 7895108940, 'yash.gupta2015@vit.ac.in', 1, 'akya1997'),
(10005, 'Atul Pathak', '15BPI0011', 'male', 'VIT University  vellore', 9790034024, 'atulp1126@gmail.com', 0, '5a83b0b631'),
(10006, 'tridib ghosh', '15BMEO269', 'male', 'VIT TAMIL NADU', 9585405813, 'tridibghosh35crj@gmail.com', 1, 'gravitas'),
(10007, 'Jayasimman. R', '14BT1ME027', 'male', 'jain University Bangalore karnataka ', 9663404782, 'jay007k143@gmail.com', 1, 'hyundai200'),
(10008, 'Monishi Dutta Choudhury', '15BCB0038', 'male', 'VIT UNIVERSITY ', 8508690278, 'monishi15@gmail.com', 1, 'humariadhu'),
(10009, 'Himanshu Dixit', '13bme1080', 'male', 'vitcc tn', 9176858389, 'himanshu10dixit@gmail.com', 1, '7275990255'),
(10013, 'raj', '675jk', 'female', 'jhhj', 768678, 'hfr5@sd.com', 0, '1'),
(10014, 'Vyas Narayana', '953613114313', 'male', 'Ramco Institute of Technology Tamil Nadu', 9159381743, 'vyasmechanical@gmail.com', 1, 'rupinivyas'),
(10015, 'AEKANSH MISHRA', '15BEE0211', 'male', 'VIT UNIVERSITY  TAMIL NADU', 9598956021, 'aekansh.mishra@gmail.com', 1, 'aekky7796'),
(10016, 'Nived Narayanan', '712213104025', 'male', 'Park college of engineering and tekhnology tn', 8056744307, 'nenived@gmail.com', 1, 'gundupapa'),
(10017, 'Aishwarya ', '14IT01', 'female', 'Velammal college of engineering and technology', 8939841187, 'aishukannan@gmail.com', 1, 'selenagome'),
(10020, 'hhhhj', 'jhjjhjh', 'male', 'jhjjhh', 7887878787, 'jjhjhj@gmail.com', 0, '41a3ec565f'),
(10021, 'Sagnick Kundu', '15BME0965', 'male', 'VIT vellore Tamil Nadu', 9790319652, 'shaggy.ricky@gmail.com', 1, 'rick1987'),
(10026, 'NAVEEN', '6274826', 'male', 'abc college', 8888888888, 'abc@gmail.com', 0, 'e24cedd7d1'),
(10027, 'AJMATH BASHA M', '2013103302', 'male', 'SETHU INSTIUTE OF TECHNOLOGY TAMILNADU', 8148720258, 'basha20104@gmail.com', 1, '9944262576'),
(10028, 'srujith', '12421423432', 'male', 'IIT Tamilnadu', 8056469142, 'psrujith@gmail.com', 1, 'srujith'),
(10029, 'praveen.p', '141mc158', 'male', 'bannari amman institute of technology', 8489468492, 'praveenpoi97@gmail.com', 1, 'poi199798'),
(10030, 'Rudra Trivedi', '15BCB0026', 'male', 'VIT VELLORE', 9913147875, 'trivedirudra2@gmail.com', 1, 'rudrabannu'),
(10031, 'Ankit Raj', '15BECO698', 'male', 'VIT University Vellore', 9003739700, 'ankitsachinraj@gmail.com', 1, 'ankit sss '),
(10032, 'Elementary', '11X23123', 'male', 'IIT Roorkee', 9999999999, 'g8292123@trbvm.com', 1, 'gaandmara'),
(10033, 'adcdaa', '12', 'male', 'acd', 8608576123, 'adithyanajay46@gmail.com', 0, 'fa5e71ecb6'),
(10034, 'Thabares', '99', 'male', 'VIT University', 8608576123, 'thabares786@gmail.com', 1, '123643340'),
(10035, 'RISHABH KANT SINGH', '15BCE0651', 'male', 'VIT UNIVERSITY', 9585583329, 'RISHABHPARUL419@GMAIL.COM', 1, 'Chittoor'),
(10039, 'Rupesh Chowdary', '1210213239', 'male', 'GITAM University Andhra pradesh', 9441606675, 'rupeshchowdary4@gmail.com', 1, 'lordkrishn'),
(10040, 'A.SENTHAMIZHAN', '123456', 'male', 'VRS COLLEGE OF ENGG.TECH.TAMILNADU', 9443404260, 'senthamizhan_pa@yahoo.co.in', 1, 'Link'),
(10041, 'Madhuresh Gupta', '15BEE0235', 'male', 'VIT University Vellore Tamil Nadu', 9967651332, 'madhuresh.gupta2015@vit.ac.in', 1, 'madhur#12'),
(10042, 'Hritik Kothari', '15BCL0294', 'male', 'Vit University Vellore ', 9426255832, 'hritiks.kothari2015@vit.ac.in', 1, '31689087'),
(10043, 'SIDDHARTHA SARKAR', '15BEE0157', 'male', 'VIT UNIVERSITY TAMIL NADU', 8693872235, 'siddhartha.sarkar2015@vit.ac.in', 1, 'mcfcmcfc'),
(10044, 'shrutik mahajan', '15BIT0019', 'male', 'vit vellore', 7066305979, 'shrutikmahajan0001@gmail.com', 1, 'shreesamar'),
(10045, 'kashyap', '11009', 'male', 'sges nashik', 9987300278, 'hd99desai@ROCKETMAIL.COM', 1, 'foxcrime97'),
(10046, 'bhavin patel', '9099823170', 'male', 'shantilal shah engineering college  Gujarat ', 9099823170, 'bhavinpatel682@gmail.com', 0, 'dc2b29c782'),
(10052, 'Chaitanya', '15BEC0706', 'male', 'VIT .tamilnadu', 9942399369, 'maddulachaitu@gmail.com', 1, 'lakshmikum'),
(10053, 'Vinayak Siva Kumar', '15BCE0167', 'male', 'VIT University  Vellore', 9481809871, 'sivakumarvinayak@gmail.com', 1, 'vit96'),
(10054, 'Saurabh Menon', '15BCE0992', 'male', 'VIT Vellore, Tamil Nadu', 9567386368, 'saurabhmenon97@gmail.com', 1, 'linksyse10'),
(10055, 'H.BharathSubramanian', '12131', 'male', 'SRDFVV', 9444508795, 'subro.bharat@gmail.com', 1, '1412'),
(10057, 'Ganesh.K', 'VTU4873', 'male', 'Vel Tech Dr. RR ', 7358561643, 'ganeshkalyan.gk@gmail.com', 1, '1vinayak'),
(10058, 'K K VENKATESH ACHARYA ', '5345', 'male', 'VelTech Technical University ', 7024218725, 'venku.acharya@gmail.com', 1, 'arunakrish'),
(10060, 'Thabares', '13mse0099', 'male', 'VIT Vellore', 8608576123, 'thabares.n2013@vit.ac.in', 1, '643340123'),
(10061, 'Basundhara Chakrabarty', '14BEC0405', 'female', 'vit vellore', 9994480155, 'basundhara17061996@gmail.com', 0, 'fafe99950f'),
(10062, 'ABHISHEK MURALI', '15BEE0106', 'male', 'VIT University Vellore', 9003858488, 'abhi120497@gmail.com', 1, 'hope1973'),
(10065, 'Karthick Vignesh. R', '621613105032', 'male', 'Muthayammal Engineering College, Tamil Nadu', 9629793135, 'Karthickvicky007@gmail.com', 1, 'vickyhema0'),
(10066, 'Muthuraman', '15BIT0321', 'male', 'VIT  vellore', 9566904440, 'muthuraman1997@gmail.com', 1, 'Thisismani'),
(10067, 'ROZIL CHOUDHARY', '15BEE0226', 'male', 'VIT University Vellore', 9585581095, 'rozil05choudhary@gmail.com', 1, '607a646a37');

-- --------------------------------------------------------

--
-- Table structure for table `external_registration`
--

CREATE TABLE IF NOT EXISTS `external_registration` (
  `id` int(11) NOT NULL AUTO_INCREMENT,
  `user_id` text NOT NULL,
  `event_id` int(11) NOT NULL,
  `team` int(11) NOT NULL,
  `price` int(11) NOT NULL,
  `dd` int(11) NOT NULL,
  `trans_id` int(11) NOT NULL,
  `paid_status` int(11) NOT NULL DEFAULT '0',
  `date` date NOT NULL,
  `time` time NOT NULL,
  PRIMARY KEY (`id`)
) ENGINE=InnoDB  DEFAULT CHARSET=latin1 AUTO_INCREMENT=300039 ;

--
-- Dumping data for table `external_registration`
--

INSERT INTO `external_registration` (`id`, `user_id`, `event_id`, `team`, `price`, `dd`, `trans_id`, `paid_status`, `date`, `time`) VALUES
(300000, '10000', 2170, 1, 50, 0, 0, 1, '2015-08-01', '11:44:00'),
(300006, '10000', 2175, 1, 1, 0, 50005, 1, '2015-08-01', '12:53:47'),
(300007, '10000', 2000, 5, 400, 0, 50006, 1, '2015-08-01', '03:19:34'),
(300008, '10015', 1019, 1, 100, 0, 50007, 1, '2015-08-06', '10:00:11'),
(300009, '10000', 1001, 1, 80, 2147483647, 0, 0, '2015-08-06', '09:57:13'),
(300010, '10028', 1001, 1, 80, 0, 0, 1, '2015-08-06', '10:01:00'),
(300011, '10028', 1003, 1, 200, 0, 50008, 1, '2015-08-06', '10:01:59'),
(300012, '10032', 1175, 1, 4000, 0, 50009, 0, '2015-08-06', '11:40:09'),
(300013, '10032', 1176, 1, 2000, 0, 50009, 0, '2015-08-06', '11:40:09'),
(300014, '10032', 1176, 1, 2000, 0, 50009, 0, '2015-08-06', '11:40:09'),
(300015, '10032', 1176, 1, 2000, 0, 50009, 0, '2015-08-06', '11:40:09'),
(300016, '10032', 1176, 1, 2000, 0, 50009, 0, '2015-08-06', '11:40:09'),
(300017, '10032', 1176, 1, 2000, 0, 50009, 0, '2015-08-06', '11:40:09'),
(300018, '10032', 1176, 1, 2000, 0, 50009, 0, '2015-08-06', '11:40:09'),
(300019, '10032', 1176, 1, 2000, 0, 50009, 0, '2015-08-06', '11:40:09'),
(300020, '10032', 1177, 1, 1500, 0, 50009, 0, '2015-08-06', '11:40:09'),
(300021, '10032', 1178, 1, 1000, 0, 50009, 0, '2015-08-06', '11:40:09'),
(300022, '10032', 1179, 1, 5000, 0, 50009, 0, '2015-08-06', '11:40:09'),
(300023, '10034', 1010, 1, 50, 0, 50010, 0, '2015-08-07', '12:08:37'),
(300024, '10042', 1006, 1, 150, 0, 50011, 1, '2015-08-07', '07:33:19'),
(300025, '10043', 1006, 1, 150, 0, 50012, 0, '2015-08-07', '07:45:27'),
(300026, '10043', 1007, 1, 150, 0, 50013, 0, '2015-08-07', '10:49:47'),
(300027, '10053', 1033, 1, 100, 0, 50014, 0, '2015-08-08', '03:37:57'),
(300028, '10053', 1046, 1, 100, 0, 50014, 0, '2015-08-08', '03:37:57'),
(300029, '10053', 1122, 1, 50, 0, 50014, 0, '2015-08-08', '03:37:57'),
(300030, '10053', 1124, 1, 50, 0, 50014, 0, '2015-08-08', '03:37:57'),
(300031, '10053', 1080, 1, 80, 0, 50014, 0, '2015-08-08', '03:37:57'),
(300032, '10066', 1073, 1, 100, 0, 50015, 0, '2015-08-08', '05:53:22'),
(300033, '10066', 1074, 1, 50, 0, 50015, 0, '2015-08-08', '05:53:22'),
(300034, '10066', 1077, 1, 100, 0, 50015, 0, '2015-08-08', '05:53:22'),
(300035, '10066', 1047, 1, 300, 0, 50016, 1, '2015-08-08', '06:05:35'),
(300036, '10066', 1058, 1, 400, 0, 50016, 1, '2015-08-08', '06:05:35'),
(300037, '10066', 1047, 1, 300, 0, 50017, 0, '2015-08-08', '06:05:35'),
(300038, '10066', 1058, 1, 400, 0, 50017, 0, '2015-08-08', '06:05:35');

-- --------------------------------------------------------

--
-- Table structure for table `internal_registration`
--

CREATE TABLE IF NOT EXISTS `internal_registration` (
  `id` int(11) NOT NULL AUTO_INCREMENT,
  `regno` varchar(9) NOT NULL,
  `name` varchar(100) NOT NULL,
  `event_id` int(11) NOT NULL,
  `team` int(11) NOT NULL,
  `price` int(11) NOT NULL,
  `date` date NOT NULL,
  `time` time NOT NULL,
  `rrno` varchar(20) NOT NULL,
  `phno` varchar(10) NOT NULL,
  `email` text NOT NULL,
  `cord_login` varchar(9) NOT NULL,
  PRIMARY KEY (`id`),
  UNIQUE KEY `id` (`id`)
) ENGINE=InnoDB  DEFAULT CHARSET=latin1 AUTO_INCREMENT=8588 ;

--
-- Dumping data for table `internal_registration`
--

INSERT INTO `internal_registration` (`id`, `regno`, `name`, `event_id`, `team`, `price`, `date`, `time`, `rrno`, `phno`, `email`, `cord_login`) VALUES
(7000, '11BBT0007', 'KARTHIKEYAN S', 1024, 1, 100, '2015-08-05', '04:32:23', 'cash', '9566656757', 'convenor.gravitas15@vit.ac.in', '13BEC0784'),
(7001, '15BCE0458', 'RASHIKA AGARWAL', 1079, 1, 100, '2015-08-05', '04:32:24', 'cash', '9942381821', 'rashika.agarwal2015@vit.ac.in', '12BIT0060'),
(7002, '15BME0138', 'NIKHIL AGRAWAL', 1032, 1, 200, '2015-08-05', '04:33:53', 'cash', '9585583732', 'nikhilagrawal4135@gmail.com', '13BEC0604'),
(7003, '15BEC0017', 'ANIRUDH MANDAHR', 1011, 1, 200, '2015-08-05', '04:33:58', 'cash', '9654969290', 'anirudh.mandahr@vit.ac.in', '13BCL0329'),
(7004, '15BIT0297', 'SHLOK MITESH', 1033, 1, 100, '2015-08-05', '04:39:12', 'cash', '9003684886', 'shlokshah@ymail.com', '12BIT0060'),
(7005, '15BEC0184', 'DHANUSH', 1011, 1, 200, '2015-08-05', '04:41:55', 'cash', '9003725321', 'varadadhanush@gmail.com', '13BCE0280'),
(7006, '15BEC0080', 'PONNALI ABHIKHYA', 1011, 1, 200, '2015-08-05', '04:42:51', 'cash', '8977000345', 'abhikhya98@gmail.com', '13BEC0240'),
(7007, '15BCE0124', 'NAREN ADITHYA B', 1069, 1, 50, '2015-08-05', '04:47:26', 'cash', '8903876244', 'narenadithya@ymail.com', '12BIT0060'),
(7008, '15BEC0087', 'SHASHWAT SHARMA', 1011, 1, 200, '2015-08-05', '04:47:43', 'cash', '9003762528', 'shashwatsharma528@gmail.com', '13BEC0240'),
(7009, '15BMA0072', 'DHEERAJ', 1011, 1, 200, '2015-08-05', '04:47:44', 'cash', '9003704229', 'dheeraj.verma59@gmail.com', '13BCE0280'),
(7010, '15BIT0212', 'ADITYA ANILKUMAR VERMA', 1044, 1, 150, '2015-08-05', '04:49:06', 'cash', '9790084546', 'adi.kiran98@gmail.com', '13BEC0784'),
(7011, '15BCE0200', 'ASHISH GOEL', 1009, 1, 0, '2015-08-05', '04:51:57', 'cash', '9790078759', 'ashish.goel2015@vit.ac.in', '13BEC0240'),
(7012, '15BCH0019', 'ABHISHEK KUMAR', 1123, 1, 50, '2015-08-05', '04:52:39', 'cash', '9585588435', 'ABHISHEK21_LOYOLA@HOTMAIL.COM', '13BCB0012'),
(7013, '15BME0158', 'NITIN.D', 1094, 1, 100, '2015-08-05', '04:52:56', 'cash', '9487908556', 'nitin16498@gmail.com', '13BEC0183'),
(7014, '15BCL0033', 'CHIRAG BISHT', 1127, 1, 150, '2015-08-05', '04:53:07', 'cash', '9650406618', 'chiragbisht@live.com', '13BCH0018'),
(7015, '15BCE0573', 'RISHABH MAHESHWARI', 1009, 1, 0, '2015-08-05', '04:54:02', 'cash', '9953955442', 'rishabmaheshwari901@gmail.com', '13BEC0240'),
(7016, '15BMA0078', 'SHARAD TIWARI', 1011, 1, 200, '2015-08-05', '04:55:12', 'cash', '8874208135', 'triveni.sharad@gmail.com', '13BCH0018'),
(7017, '15BEC0819', 'VARUN NAHATA', 1077, 1, 100, '2015-08-05', '04:55:46', 'cash', '9003940272', 'varun.jain558@gmail.com', '13BEC0784'),
(7018, '15BEE0180', 'ARYAN RAJ SINGH', 1018, 1, 200, '2015-08-05', '04:55:56', 'cash', '9711489358', 'smart.aryanraj@gmail.com', '13BCL0329'),
(7019, '15BCE0319', 'MANAN BARJATYA', 1009, 1, 0, '2015-08-05', '04:56:15', 'cash', '9790003863', 'MANAN.BARJATYA2015@VIT.AC.IN', '13BEC0396'),
(7021, '15BEC0042', 'I V G SAI DHEERAJ', 1011, 1, 200, '2015-08-05', '04:56:39', 'cash', '9790543303', 'dheeraj.saidheeraj@gmail.com', '13BEC0240'),
(7022, '15BCE0641', 'MOUNISH RAYUDU CHENNUPATI', 1127, 1, 150, '2015-08-05', '04:56:53', 'cash', '9790004295', 'mounish.chennupati@yahoo.com', '13BPI0041'),
(7023, '15BCE0641', 'MOUNISH RAYUDU CHENNUPATI', 1011, 1, 200, '2015-08-05', '04:56:53', 'cash', '9790004295', 'mounish.chennupati@yahoo.com', '13BPI0041'),
(7024, '15BEC0070', 'ABINAY VARMA PINNAMARAJU', 1011, 1, 200, '2015-08-05', '04:57:52', 'cash', '9003852599', 'pabhinayvarma2222@gmail.com', '13BEC0240'),
(7025, '15BCE0546', 'ADITYA NARANG', 1129, 1, 0, '2015-08-05', '04:59:30', 'cash', '9790609762', 'adi9690904040@gmail.com', '13BEC0240'),
(7026, '15BCE0529', 'KEVIN PAUL THOMAS V', 1094, 1, 100, '2015-08-05', '05:00:18', 'cash', '9487908556', 'kvnthomas98@gmail.com', '13BEC0183'),
(7027, '15BIT0337', 'PATIL DHANASHRI SUDHIR', 1129, 1, 0, '2015-08-05', '05:00:55', 'cash', '7741815003', 'DSPATIL00@GMAIL.COM', '13BEC0396'),
(7028, '15BEC0055', 'SHUBHAM GUPTA', 1127, 1, 150, '2015-08-05', '05:01:16', 'cash', '9790625795', 'gargshubham34@gmail.com', '13BCE0280'),
(7029, '15BCE0256', 'DIVYASHA', 1129, 1, 0, '2015-08-05', '05:01:24', 'cash', '9790024265', 'divyashaselina7@gmail.com', '13BEC0240'),
(7030, '15BCE0998', 'VENIKA ANAND', 1129, 1, 0, '2015-08-05', '05:02:24', 'cash', '9790607919', 'venikaanand@gmail.com', '13BEC0240'),
(7031, '15BCE0427', 'SUMEET BACHANI', 1079, 1, 100, '2015-08-05', '05:03:01', 'cash', '8860576475', 'sumeet.bachani2015@vit.ac.in', '12BIT0060'),
(7032, '15BIT0244', 'GIRISHA KATNENI', 1129, 1, 0, '2015-08-05', '05:04:03', 'cash', '9790032559', 'GIRISHAKATNENI@GMAIL.COM', '13BEC0396'),
(7033, '15BCE0437', 'PARTH MCPHERSON', 1079, 1, 100, '2015-08-05', '05:04:10', 'cash', '9990866605', 'mephersonparth@yahoo.com', '12BIT0060'),
(7034, '15BMA0012', 'EISHAN JINDAL', 1127, 1, 150, '2015-08-05', '05:04:12', 'cash', '9003781057', 'eishanjindal88@gmail.com', '13BCE0280'),
(7037, '15BCE0110', 'SARIPALLI SRI SUGUN SURYA', 1013, 1, 150, '2015-08-05', '05:04:24', 'cash', '8508691199', 'sugunsuryaking09@gmail.com', '13BEC0183'),
(7040, '15BIT0136', 'VISHWAJEETSINH JADEJA', 1148, 1, 50, '2015-08-05', '05:05:28', 'cash', '9585581787', 'vishwajeetsinhjadeja4@gmail.com', '13BCH0018'),
(7041, '15BCE0202', 'SAMPARA SRI HARSHA', 1011, 1, 200, '2015-08-05', '05:05:56', 'cash', '9949111811', 'sriharsha.sampara@gmail.com', '13BPI0041'),
(7042, '15BCE0202', 'SAMPARA SRI HARSHA', 1127, 1, 150, '2015-08-05', '05:05:56', 'cash', '9949111811', 'sriharsha.sampara@gmail.com', '13BPI0041'),
(7043, '15BEC0131', 'GOLI SWAPAN MOHIT', 1013, 1, 150, '2015-08-05', '05:06:09', 'cash', '8374544710', 'mohitgoli321@gmail.com', '13BEC0183'),
(7044, '15BCH0093', 'BONNY GUL THAWANI', 1011, 1, 200, '2015-08-05', '05:06:16', 'cash', '9003742557', 'bonnygul.thawani2015@vit.ac.in', '13BCL0329'),
(7046, '15BIT0299', 'AKANKSHA THAKUR', 1129, 1, 0, '2015-08-05', '05:07:08', 'cash', '9585584751', 'ASHWINI0202@YAHOO.CO.IN', '13BEC0396'),
(7047, '15BIT0255', 'URJA MATHUR ', 1129, 1, 0, '2015-08-05', '05:08:04', 'cash', '9810709078', 'matur.urja@gmail.com', '13BEC0240'),
(7048, '15BIT0255', 'URJA MATHUR ', 1148, 1, 50, '2015-08-05', '05:08:04', 'cash', '9810709078', 'matur.urja@gmail.com', '13BEC0240'),
(7049, '15BIT0255', 'URJA MATHUR ', 1168, 1, 0, '2015-08-05', '05:08:04', 'cash', '9810709078', 'matur.urja@gmail.com', '13BEC0240'),
(7055, '15BCH0042', 'SHASHANK SADANAND AMIN', 1011, 1, 200, '2015-08-05', '05:09:00', 'cash', '9585375877', 'shashanksadanand.amin2015@vit.ac.in', '13BCL0329'),
(7063, '15BMA0065', 'AKSHAY DUA', 1032, 1, 200, '2015-08-05', '05:09:43', 'cash', '9790055472', 'akshayapj12@gmail.com', '13BCE0280'),
(7069, '15BMA0026', 'ROHIT AGGARWAL', 1172, 1, 50, '2015-08-05', '05:10:08', 'cash', '8807058869', 'ROHIT.AGGARWAL2015@VIT.AC.IN', '13BCB0012'),
(7071, '15BMA0026', 'ROHIT AGGARWAL', 1086, 1, 100, '2015-08-05', '05:10:08', 'cash', '8807058869', 'ROHIT.AGGARWAL2015@VIT.AC.IN', '13BCB0012'),
(7078, '15BCH0084', 'AYUSH KHANDELWAL', 1011, 1, 200, '2015-08-05', '05:10:45', 'cash', '7871232150', 'ayush.khandelwal2015@vit.ac.in', '13BCL0329'),
(7079, '14BCE0713', 'SAYANTAN PAL', 1076, 1, 100, '2015-08-05', '05:11:04', 'cash', '9952664445', 'sayantan.pal2014@vit.ac.in', '13BEC0784'),
(7080, '15BCE0392', 'LAKSHYA GARG', 1127, 1, 150, '2015-08-05', '05:11:31', 'cash', '8094060649', 'lakshya.garg.97@gmail.com', '13BEC0183'),
(7081, '15BME2051', 'CHINMAY KHANDELWAL', 1048, 1, 250, '2015-08-05', '05:11:35', 'cash', '8269899999', 'chinmay281197@gmail.com', '13BPI0041'),
(7082, '15BCE0303', 'ARYAMAN PANTH', 1094, 1, 100, '2015-08-05', '05:11:48', 'cash', '9003697430', 'aryaman.panth2015@vit.ac.in', '13BEC0396'),
(7083, '15BME0062', 'FELIX JOSEPH', 1172, 1, 50, '2015-08-05', '05:12:06', 'cash', '9446459992', 'FELIX.JOSEPH2015@VIT.AC.IN', '13BCB0012'),
(7084, '15BMA0026', 'ROHIT AGGARWAL', 1011, 1, 200, '2015-08-05', '05:12:16', 'cash', '8807058869', 'rohit.aggarwal2015@vit.ac.in', '13BEC0240'),
(7085, '15BEC0295', 'SATHWIK', 1164, 1, 50, '2015-08-05', '05:12:26', 'cash', '9492540899', 'ponnathotasathwik9@gmail.com', '13BCE0280'),
(7086, '15BME0628', 'SHIVAM KUMAR SINGH', 1017, 1, 450, '2015-08-05', '05:12:34', 'cash', '8239067980', 'shivu2785@gmail.com', '13BCH0018'),
(7087, '15BME0767', 'AJIT SUKUMAR', 1011, 1, 200, '2015-08-05', '05:12:47', 'cash', '9585398098', 'sukumar.ajit98@gmail.com', '13BCL0329'),
(7088, '15BMA0037', 'AZHAR MAJEED', 1172, 1, 50, '2015-08-05', '05:13:20', 'cash', '9790033659', 'AZHARMAJEED1997@GMAIL.COM', '13BCB0012'),
(7089, '15BMA0013', 'GOVIND AJITH KUMAR', 1011, 1, 200, '2015-08-05', '05:13:41', 'cash', '9573156888', 'govindajith.kumar2015@vit.ac.in', '13BEC0240'),
(7090, '15BMA0013', 'GOVIND AJITH KUMAR', 1172, 1, 50, '2015-08-05', '05:13:41', 'cash', '9573156888', 'govindajith.kumar2015@vit.ac.in', '13BEC0240'),
(7091, '15BMA0065', 'AKSHAY DUA', 1094, 1, 100, '2015-08-05', '05:14:08', 'cash', '9790055472', 'akshayapj12@gmail.com', '13BEC0396'),
(7092, '15BMA0065', 'AKSHAY DUA', 1129, 1, 0, '2015-08-05', '05:14:08', 'cash', '9790055472', 'akshayapj12@gmail.com', '13BEC0396'),
(7093, '15BEC0877', 'RAHUL VENKATESH ', 1006, 1, 150, '2015-08-05', '05:14:35', 'cash', '9003703613', 'rahul.venkatesh@hotmail.com', '13BEC0417'),
(7094, '15BCE0621', 'GOKUL CHOWDARY', 1011, 1, 200, '2015-08-05', '05:15:21', 'cash', '9790006726', 'GOKULCHOWDARYGARIKIPATI@GMAIL.COM', '13BCB0012'),
(7095, '15BEC0288', 'ANKITH REDDY', 1164, 1, 50, '2015-08-05', '05:15:25', 'cash', '8056922398', 'ankith10reddy@ymail.com', '13BCE0280'),
(7096, '15BCE0622', 'KUNAL SHARMA', 1006, 1, 150, '2015-08-05', '05:15:28', 'cash', '9585437411', 'kunalsharma151196@gmail.com', '13BCH0018'),
(7097, '15BIT0242', 'RISHABH CHANDEL', 1148, 1, 50, '2015-08-05', '05:15:41', 'cash', '8176940511', 'rishabhchandel1996@gmail.com', '13BCL0329'),
(7098, '15BCE0607', 'NILESH RAUT', 1048, 1, 250, '2015-08-05', '05:15:41', 'cash', '9585366261', 'nileshrautxyz@gmail.com', '13BEC0604'),
(7099, '15BMA0041', 'SRI KAVYAM', 1017, 1, 450, '2015-08-05', '05:16:50', 'cash', '9790533114', 'kracy001@gmail.com', '13BEC0183'),
(7100, '15BEC0877', 'RAHUL VENKATESH', 1011, 1, 200, '2015-08-05', '05:16:53', 'cash', '9003703613', 'rahul.venkatesh@hotmail.com', '13BEC0417'),
(7101, '15BIT0193', 'RACHIT KUKRETI', 1148, 1, 50, '2015-08-05', '05:17:16', 'cash', '9790027516', 'rachitkukreti@gmail.com', '13BCL0329'),
(7102, '15BMA0059', 'SAHIL PRABHAKAR', 1011, 1, 200, '2015-08-05', '05:17:32', 'cash', '9790038329', 'sahilprabhakar73@gmail.com', '13BCE0280'),
(7103, '15BBT0113', 'SAYAK MITRA', 1113, 1, 100, '2015-08-05', '05:17:45', 'cash', '9874522504', 'arrow.sayak@gmail.com', '13BEC0784'),
(7104, '15BCE0621', 'GOKUL CHOWDARY GARIKIPATI', 1127, 1, 150, '2015-08-05', '05:17:52', 'cash', '9790006726', 'GOKULCHOWDARYGARIKIPATI@GMAIIL.COM', '13BCB0012'),
(7105, '15BEE0284', 'KETAN SAI POTHUGANTI', 1032, 1, 200, '2015-08-05', '05:18:20', 'cash', '9003676087', 'ketansai.scientist@gmail.com', '13BCH0018'),
(7106, '15BMA0049', 'CHANDER UDHAY SINGH', 1011, 1, 200, '2015-08-05', '05:18:34', 'cash', '8056815324', 'udhaysingh44@gmail.com', '13BCE0280'),
(7107, '15BEE0258', 'RISHAV HARICHANDAN', 1032, 1, 200, '2015-08-05', '05:19:42', 'cash', '9438185969', 'rishav.harichandan2015@vit.ac.in', '13BCH0018'),
(7108, '15BME0158', 'NITIN D', 1012, 1, 200, '2015-08-05', '05:21:33', 'cash', '9487908556', 'nitin16498@gmail.com', '13BEC0784'),
(7109, '15BEC0296', 'MUPPIDI ASHISH JOEL', 1047, 1, 300, '2015-08-05', '05:22:15', 'cash', '9703616679', 'joelmuppidi@gmail.com', '13BEC0240'),
(7110, '15BMA0037', 'AZHAR MAJEED', 1032, 1, 200, '2015-08-05', '05:23:30', 'cash', '9790033659', 'azharmajeed1997@gmail.com', '13BEC0240'),
(7111, '15BCE0544', 'RAJAT KUMAR KULSHRESHTHA', 1011, 1, 200, '2015-08-05', '05:23:48', 'cash', '9790541821', 'rajatkumar.kulshreshtha2015@vit.ac.in', '13BCB0012'),
(7112, '13BCE0806', 'GANTI RAMYA', 1049, 1, 50, '2015-08-05', '05:23:49', 'cash', '8220580953', 'ramya.g96@gmail.com', '12BIT0060'),
(7113, '15BMA0026', 'ROHIT AGGARWAL', 1032, 1, 200, '2015-08-05', '05:23:52', 'cash', '8807058869', 'ROHIT.AGGARWAL2015@VIT.AC.IN', '13BEC0396'),
(7114, '15BMA0062', 'FELIX JOSEPH', 1032, 1, 200, '2015-08-05', '05:24:54', 'cash', '9446459992', 'felix.joseph2015@vit.ac.in', '13BEC0240'),
(7115, '15BMA0013', 'GOVIND AJITH KUMAR', 1032, 1, 200, '2015-08-05', '05:25:26', 'cash', '9573156888', 'govindajith.kumar2015@vit.ac.in', '13BEC0396'),
(7116, '15BEE0022', 'MANJEET KUMAR SINGH', 1011, 1, 200, '2015-08-05', '05:25:50', 'cash', '9597846172', 'mj.rajpoot1997@gmail.com', '12BIT0060'),
(7117, '15BEM0137', 'BILLTON JOSEPH VITUS', 1016, 1, 250, '2015-08-05', '05:29:38', 'cash', '9585353055', 'billton.vitus007@gmail.com', '13BEC0240'),
(7118, '15BEE0115', 'UDBHAV SHARMA', 1011, 1, 200, '2015-08-05', '05:36:17', 'cash', '9425510047', 'sharma_udbhav@yahoo.in', '13BEC0604'),
(7119, '15BCE0675', 'SHIVAM GUPTA', 1129, 1, 0, '2015-08-05', '05:37:49', 'cash', '9585438508', 'shivam131313@gmail.com', '13BEC0396'),
(7120, '15BCE0675', 'SHIVAM GUPTA', 1119, 1, 100, '2015-08-05', '05:37:49', 'cash', '9585438508', 'shivam131313@gmail.com', '13BEC0396'),
(7121, '15BEE0180', 'ARYAN RAJ SINGH', 1011, 1, 200, '2015-08-05', '05:38:06', 'cash', '9711489358', 'smart.aryanraj@gmail.com', '13BEC0604'),
(7122, '15BCE0091', 'BHARTENDU BHASKAR', 1124, 1, 50, '2015-08-05', '05:40:44', 'cash', '8056923230', 'bshubhamb13@gmail.com', '13BEC0240'),
(7123, '15BCE0091', 'BHARTENDU BHASKAR', 1011, 1, 200, '2015-08-05', '05:40:44', 'cash', '8056923230', 'bshubhamb13@gmail.com', '13BEC0240'),
(7124, '15BCE0091', 'BHARTENDU BHASKAR', 1009, 1, 0, '2015-08-05', '05:40:44', 'cash', '8056923230', 'bshubhamb13@gmail.com', '13BEC0240'),
(7125, '15BCE0091', 'BHARTENDU BHASKAR', 1071, 1, 100, '2015-08-05', '05:40:44', 'cash', '8056923230', 'bshubhamb13@gmail.com', '13BEC0240'),
(7126, '15BCE0529', 'KEVIN PAUL THOMAS V', 1012, 1, 200, '2015-08-05', '05:40:49', 'cash', '9487908556', 'kvnthomas98@gmail.com', '13BEC0784'),
(7127, '15BME0674', 'DEVESH RAJ', 1091, 1, 50, '2015-08-05', '05:41:01', 'cash', '9751488398', 'deveshrm22@gmail.com', '13BCE0265'),
(7128, '15BCE0610', 'MRIDUL AGARWAL', 1129, 1, 0, '2015-08-05', '05:41:50', 'cash', '9007853935', 'mridulagarwal8@gmail.com', '13BEC0396'),
(7129, '15BCE0610', 'MRIDUL AGARWAL', 1119, 1, 100, '2015-08-05', '05:41:50', 'cash', '9007853935', 'mridulagarwal8@gmail.com', '13BEC0396'),
(7130, '15BEM0135', 'SUDHANSHU SAXENA', 1127, 1, 150, '2015-08-05', '05:42:00', 'cash', '9790048422', 'sudhanshus202@gmail.com', '13BEC0604'),
(7131, '15BCE0767', 'TAMOGHNA MAITRA', 1007, 1, 150, '2015-08-05', '05:42:45', 'cash', '9585324474', 'leehei7@yahoo.in', '13BEC0183'),
(7132, '15BIT0212', 'ADITYA VERMA', 1017, 1, 450, '2015-08-05', '05:43:21', 'cash', '9790084546', 'adi.kiran98@gmail.com', '13BCE0280'),
(7133, '15BIT0212', 'ADITYA VERMA', 1122, 1, 50, '2015-08-05', '05:43:21', 'cash', '9790084546', 'adi.kiran98@gmail.com', '13BCE0280'),
(7134, '15BIT0212', 'ADITYA VERMA', 1011, 1, 200, '2015-08-05', '05:43:21', 'cash', '9790084546', 'adi.kiran98@gmail.com', '13BCE0280'),
(7135, '15BIT0070', 'RAHUL RISHAV MOHANTI', 1012, 1, 200, '2015-08-05', '05:44:12', 'cash', '9790002398', 'rahul.spikes@gmail.com', '13BEC0240'),
(7136, '15BIT0070', 'RAHUL RISHAV MOHANTI', 1181, 1, 25, '2015-08-05', '05:44:12', 'cash', '9790002398', 'rahul.spikes@gmail.com', '13BEC0240'),
(7137, '15BIT0070', 'RAHUL RISHAV MOHANTI', 1070, 1, 50, '2015-08-05', '05:44:12', 'cash', '9790002398', 'rahul.spikes@gmail.com', '13BEC0240'),
(7138, '15BCE0306', 'PRINCE ANSARI', 1011, 1, 200, '2015-08-05', '05:47:25', 'cash', '9790647280', 'princeansari29@gmail.com', '13BEC0183'),
(7139, '15BCE0306', 'PRINCE ANSARI', 1117, 1, 50, '2015-08-05', '05:47:25', 'cash', '9790647280', 'princeansari29@gmail.com', '13BEC0183'),
(7140, '15BCE0306', 'PRINCE ANSARI', 1127, 1, 150, '2015-08-05', '05:47:25', 'cash', '9790647280', 'princeansari29@gmail.com', '13BEC0183'),
(7141, '15BCE0076', 'VIGNESH VAIDYANATHAN', 1124, 1, 50, '2015-08-05', '05:47:36', 'cash', '9940043826', 'vignesh0503@gmail.com', '13BEC0240'),
(7142, '15BCE0076', 'VIGNESH VAIDYANATHAN', 1009, 1, 0, '2015-08-05', '05:47:36', 'cash', '9940043826', 'vignesh0503@gmail.com', '13BEC0240'),
(7143, '15BEM0054', 'NAMAN SONI', 1093, 1, 75, '2015-08-05', '05:47:53', 'cash', '9585365856', 'nsnamansoni@gmail.com', '13BCL0329'),
(7144, '15BMA0017', 'PARAKH JAIN', 1032, 1, 200, '2015-08-05', '05:48:35', 'cash', '7358189756', '2parakhjain9@gmail.com', '13BEC0396'),
(7145, '15BEM0102', 'ROHAN AVACHAT', 1127, 1, 150, '2015-08-05', '05:48:39', 'cash', '9619387937', 'rohan0604@gmail.com', '13BEC0604'),
(7146, '15BCE2048', 'ANURAG SRIVASTAVA', 1060, 1, 100, '2015-08-05', '05:49:07', 'cash', '9930926840', 'anurags2898@gmail.com', '12BIT0060'),
(7147, '15BIT0203', 'HARSH MADAAN', 1006, 1, 150, '2015-08-05', '05:50:24', 'cash', '9790069549', 'runeman888@gmail.com', '13BCE0280'),
(7148, '15BIT0203', 'HARSH MADAAN', 1011, 1, 200, '2015-08-05', '05:50:24', 'cash', '9790069549', 'runeman888@gmail.com', '13BCE0280'),
(7149, '15BIT0203', 'HARSH MADAAN', 1122, 1, 50, '2015-08-05', '05:50:24', 'cash', '9790069549', 'runeman888@gmail.com', '13BCE0280'),
(7150, '15BCE0124', 'NAREN ADITHYA B', 1182, 1, 100, '2015-08-05', '05:50:26', 'cash', '8903876244', 'narenadithya@ymail.com', '12BIT0060'),
(7151, '15BEE0235', 'MADHURESH GUPTA', 1047, 1, 300, '2015-08-05', '05:50:38', 'cash', '9967651332', 'madhuresh.gupta2015@vit.ac.in', '13BEC0604'),
(7152, '15BIT0290', 'VARUN GUPTA', 1004, 1, 200, '2015-08-05', '05:51:24', 'cash', '9790609952', 'gvarun1997@gmail.com', '13BEC0240'),
(7153, '15BCE0069', 'LAKSHYE VAIKUNTH G', 1182, 1, 100, '2015-08-05', '05:51:35', 'cash', '9092399767', 'lakshaye52@gmail.com', '12BIT0060'),
(7154, '15BME2020', 'AKSHAY MANIPARAMBIL SHAJI', 1011, 1, 200, '2015-08-05', '05:51:37', 'cash', '9003741674', 'akshayvit2020@gmail.com', '13BCE0265'),
(7155, '15MSI0069', 'NIKHITA VENIGALLA', 1017, 1, 450, '2015-08-05', '05:51:39', 'cash', '0770229430', 'extraordinarykb@gmail.com', '13BEC0396'),
(7156, '15BME0453', 'MANU SHREE KALRA', 1078, 1, 50, '2015-08-05', '05:52:25', 'cash', '9997423230', 'MANUSHREE.KALRA2015@VIT.AC.IN', '13BCB0012'),
(7157, '15BCM0050', 'SHWETHA SRINIVASAN', 1036, 1, 100, '2015-08-05', '05:52:38', 'cash', '9176344060', 'srinivasanshwetha.2009@gmail.com', '13BCL0329'),
(7158, '15BCE0435', 'AYUSH CHATURVEDI', 1127, 1, 150, '2015-08-05', '05:52:49', 'cash', '8769021266', 'ayushc15@gmail.com', '13BEC0183'),
(7159, '15BCE0435', 'AYUSH CHATURVEDI', 1117, 1, 50, '2015-08-05', '05:52:49', 'cash', '8769021266', 'ayushc15@gmail.com', '13BEC0183'),
(7160, '15BCE0435', 'AYUSH CHATURVEDI', 1011, 1, 200, '2015-08-05', '05:52:49', 'cash', '8769021266', 'ayushc15@gmail.com', '13BEC0183'),
(7161, '15BCE2047', 'RACHIT KATYAL', 1060, 1, 100, '2015-08-05', '05:53:01', 'cash', '8870777587', 'rachitkatyal3@gmail.com', '12BIT0060'),
(7162, '15BME0735', 'NAMAN SACHDEVA', 1017, 1, 450, '2015-08-05', '05:53:14', 'cash', '9467552000', 'nkrocks228@gmail.com', '13BCE0280'),
(7163, '15BME0735', 'NAMAN SACHDEVA', 1011, 1, 200, '2015-08-05', '05:53:14', 'cash', '9467552000', 'nkrocks228@gmail.com', '13BCE0280'),
(7164, '15BIT0263', 'VINODHKUMAR V', 1071, 1, 100, '2015-08-05', '05:53:39', 'cash', '7598914160', 'vvinodkumar97@gmail.com', '13BEC0240'),
(7165, '15BIT0263', 'VINODHKUMAR V', 1069, 1, 50, '2015-08-05', '05:53:39', 'cash', '7598914160', 'vvinodkumar97@gmail.com', '13BEC0240'),
(7166, '15BME0601', 'SHUBHAM GUPTA', 1032, 1, 200, '2015-08-05', '05:53:40', 'cash', '9024573224', 'gupta25shubham@gmail.com', '13BEC0396'),
(7167, '15BME0138', 'NIKHIL AGRAWAL', 1060, 1, 100, '2015-08-05', '05:54:35', 'cash', '9585583732', 'nikhilagrawal4135@gmail.com', '12BIT0060'),
(7168, '15BCE0767', 'TAMOGHNAA MAITRA', 1060, 1, 100, '2015-08-05', '05:54:42', 'cash', '9585324474', 'SUMEET.BACHANI2015@VIT.AC.IN', '13BCB0012'),
(7169, '15BME0584', 'M PRANAVA KUMAR', 1007, 1, 150, '2015-08-05', '05:55:06', 'cash', '9750811373', 'pranava2k7@yahoo.co.in', '13BEC0784'),
(7170, '15BEC0651', 'SHIVAM MEHTA', 1004, 1, 200, '2015-08-05', '05:55:28', 'cash', '8274996195', 'shivam.mehta28@gmail.com', '13BEC0240'),
(7171, '15BCE0548', 'KANISHK', 1060, 1, 100, '2015-08-05', '05:55:43', 'cash', '9790075783', 'kanishk423@gmail.com', '12BIT0060'),
(7173, '15BCE0427', 'SUMEET BACHANI', 1060, 1, 100, '2015-08-05', '05:55:51', 'cash', '8860576475', 'SUMEET.BACHANI2015@VIT.AC.IN', '13BCB0012'),
(7174, '15BIT0045', 'SHREYAJ KUMAR', 1111, 1, 50, '2015-08-05', '05:56:17', 'cash', '9790071478', 'justshreyaj@gmail.com', '13BEC0396'),
(7175, '15BME0360', 'SAMRAT JINDAL', 1060, 1, 100, '2015-08-05', '05:56:47', 'cash', '9997210936', 'samrat.jindal2015@vit.ac.in', '13BCE0265'),
(7176, '15BCE0437', 'PARTH MCPHERSON', 1060, 1, 100, '2015-08-05', '05:57:15', 'cash', '9990866605', 'PARTH.MCPHERSON2015@VIT.AC.IN', '13BCB0012'),
(7177, '15BCE2044', 'PARTH ', 1060, 1, 100, '2015-08-05', '05:57:18', 'cash', '9790073360', 'parth.2015@vit.ac.in', '12BIT0060'),
(7178, '15BCE0722', 'AAYUSH ARORA', 1060, 1, 100, '2015-08-05', '05:58:04', 'cash', '9585475054', 'arora.aayush97@gmail.com', '12BIT0060'),
(7179, '15BCE0358', 'SANCHIT GARG', 1060, 1, 100, '2015-08-05', '05:58:18', 'cash', '9003697969', 'SANCHIT.GARG2015@VIT.AC.IN', '13BCB0012'),
(7180, '15BIT0290', 'VARUN GUPTA', 1124, 1, 50, '2015-08-05', '05:58:21', 'cash', '9790609952', 'gvarun1997@gmail.com', '13BEC0240'),
(7181, '15BIT0290', 'VARUN GUPTA', 1151, 1, 0, '2015-08-05', '05:58:21', 'cash', '9790609952', 'gvarun1997@gmail.com', '13BEC0240'),
(7182, '15BCE0573', 'RISHABH MAHESHWARI', 1011, 1, 200, '2015-08-05', '05:58:33', 'cash', '9953955442', 'rishabhmaheshwari901@gmail.com', '13BEC0183'),
(7183, '15BCE0573', 'RISHABH MAHESHWARI', 1117, 1, 50, '2015-08-05', '05:58:33', 'cash', '9953955442', 'rishabhmaheshwari901@gmail.com', '13BEC0183'),
(7184, '15BCE0573', 'RISHABH MAHESHWARI', 1127, 1, 150, '2015-08-05', '05:58:33', 'cash', '9953955442', 'rishabhmaheshwari901@gmail.com', '13BEC0183'),
(7185, '15BCE0968', 'ANMOL SRIVASTAVA', 1011, 1, 200, '2015-08-05', '05:58:53', 'cash', '9585585414', 'anmolsrivastava79@yahoo.com', '13BCL0329'),
(7186, '15BCE0582', 'ADITYA CHELLAM', 1060, 1, 100, '2015-08-05', '05:59:01', 'cash', '9765083003', 'y.s.aditya123@gmail.com', '12BIT0060'),
(7187, '15BCE0252', 'DAKSH MEHTA', 1060, 1, 100, '2015-08-05', '05:59:37', 'cash', '9991080769', 'DAKSH95@GMAIL.COM', '13BCB0012'),
(7188, '15BCE2055', 'L PRANAU KUMAR', 1060, 1, 100, '2015-08-05', '05:59:55', 'cash', '9790014428', 'pranau97@gmail.com', '12BIT0060'),
(7189, '15BIT0333', 'ABHINAV SHARMA', 1142, 1, 50, '2015-08-05', '06:00:46', 'cash', '9790007966', 'abhinav.sharma997@gmail.com', '13BEC0396'),
(7190, '15BME0499', 'NISHIT DALELA', 1032, 1, 200, '2015-08-05', '06:01:06', 'cash', '9585423912', 'ndchintu047@gmail.com', '12BIT0060'),
(7191, '15BCH0019', 'ABHISHEK KUMAR', 1007, 1, 150, '2015-08-05', '06:01:58', 'cash', '9585588435', 'abhishek.kumar2015@vit.a.cin', '13BEC0240'),
(7192, '15BCE0572', 'MEGHANSH KHANNA', 1117, 1, 50, '2015-08-05', '06:03:03', 'cash', '9910324420', 'khannameghansh96@gmail.com', '13BEC0183'),
(7193, '15BCE0572', 'MEGHANSH KHANNA', 1127, 1, 150, '2015-08-05', '06:03:03', 'cash', '9910324420', 'khannameghansh96@gmail.com', '13BEC0183'),
(7194, '15BCL0272', 'KUSHAGRA KATTU', 1011, 1, 200, '2015-08-05', '06:03:24', 'cash', '9783278182', 'kattukush211097@gmail.com', '13BEC0784'),
(7195, '15BCL0272', 'KUSHAGRA KATTU', 1182, 1, 100, '2015-08-05', '06:03:24', 'cash', '9783278182', 'kattukush211097@gmail.com', '13BEC0784'),
(7196, '15BME0219', 'ARPIT SHARMA', 1060, 1, 100, '2015-08-05', '06:03:27', 'cash', '9790046414', 'ARPIT24101997@GMAIL.COM', '13BCB0012'),
(7197, '15BEC0608', 'RAHUL SAIDHA', 1006, 1, 150, '2015-08-05', '06:04:49', 'cash', '8098467730', 'rahulsaidha@rocketmail.com', '13BEC0240'),
(7198, '15BCL0280', 'SHANTANU PRATAP SINGH', 1011, 1, 200, '2015-08-05', '06:05:21', 'cash', '8144140943', 'shantanu.singh.330@gmail.com', '13BEC0784'),
(7199, '15MIS0173', 'SRIRAM K', 1010, 1, 50, '2015-08-05', '06:06:35', 'cash', '9444321961', '97sriram@gmail.com', '13BCE0280'),
(7200, '15BME0359', 'AKASH SHARMA ', 1060, 1, 100, '2015-08-05', '06:06:44', 'cash', '9087023882', 'AKASH.SHARMA2015@VIT.AC.IN', '13BCB0012'),
(7201, '15BCE0766', 'SAGAR GOEL', 1047, 1, 300, '2015-08-05', '06:08:40', 'cash', '9873897464', 'sagargoel12@yahoo.in', '13BCE0280'),
(7202, '15BIT0045', 'SHREYAJ KUMAR', 1142, 1, 50, '2015-08-05', '06:09:57', 'cash', '9790071478', 'justshreyaj@gmail.com', '13BEC0396'),
(7203, '15BME0477', 'D SRIHARSHITH', 1032, 1, 200, '2015-08-05', '06:10:16', 'cash', '9003853808', 'sriharshit07@gmail.com', '13BCE0280'),
(7204, '15BME0294', 'DHEERAJ D NAIR ', 1032, 1, 200, '2015-08-05', '06:11:27', 'cash', '9790623558', 'nair.dheeraj@yahoo.co.in', '13BCE0280'),
(7205, '15BME2062', 'MOHAMMED REMIN P.M', 1006, 1, 150, '2015-08-05', '06:11:38', 'cash', '9003748874', 'mohammedremin@gmail.com', '13BCE0265'),
(7206, '15BME2062', 'MOHAMMED REMIN P.M', 1121, 1, 50, '2015-08-05', '06:11:38', 'cash', '9003748874', 'mohammedremin@gmail.com', '13BCE0265'),
(7207, '15BME0766', 'SRIKHAKOLANU NAGASAI KRISHNAVAMSI', 1032, 1, 200, '2015-08-05', '06:12:18', 'cash', '9790046070', 'vamsisrikhakolanu@gmail.com', '13BEC0183'),
(7208, '15BIT0069', 'KARTHIKAY GUPTA', 1142, 1, 50, '2015-08-05', '06:13:43', 'cash', '9585400713', 'slayer8402@gmail.com', '13BEC0396'),
(7209, '15BME0850', 'ANUPAM TRIPATHI', 1032, 1, 200, '2015-08-05', '06:13:52', 'cash', '9585356411', 'anupamboy96@gmail.com', '13BEC0183'),
(7210, '15BEC0313', 'KARAN TANEJA', 1127, 1, 150, '2015-08-05', '06:15:57', 'cash', '9915733211', 'karantaneja1997@gmail.com', '13BCL0329'),
(7211, '15BCE0361', 'KARTHIK RAJARAMAN', 1079, 1, 100, '2015-08-05', '06:16:05', 'cash', '9585581106', 'karth2512@gmail.com', '13BEC0396'),
(7212, '15BME0769', 'SANYAM KAKKAR', 1032, 1, 200, '2015-08-05', '06:16:07', 'cash', '9790040620', 'sanyamkakkar555@gmail.com', '13BEC0183'),
(7213, '15BME0616', 'ARCHIT GARG', 1032, 1, 200, '2015-08-05', '06:17:31', 'cash', '9790064457', 'archit.11.ag@gmail.com', '13BEC0183'),
(7214, '15BEC0298', 'ARPIT SINGH', 1127, 1, 150, '2015-08-05', '06:17:38', 'cash', '9942402143', 'arpitrajput604@gmail.com', '13BCL0329'),
(7215, '15BEC0349', 'ANIRUDH SHARMA', 1127, 1, 150, '2015-08-05', '06:19:01', 'cash', '9790080225', 'anirudhsharma111@rediffmail.com', '13BCL0329'),
(7216, '14BME0696', 'JOEL ALEX', 1049, 1, 50, '2015-08-05', '06:21:01', 'cash', '9626352244', 'joelalex96@gmail.com', '13BCL0329'),
(7217, '15BME2010', 'VIBEESH PALANI', 1016, 1, 100, '2015-08-05', '06:26:21', 'cash', '8870962288', 'vibeeshpalani@gmail.com', '13BCL0329'),
(7218, '15BIT0120', 'SRIVASTAVA HARSHIT', 1047, 1, 300, '2015-08-05', '06:26:25', 'cash', '9585407937', 'imharshit2010@gmail.com', '13BCE0280'),
(7219, '15BEC0606', 'NAMAN ARORA', 1006, 1, 150, '2015-08-05', '06:26:49', 'cash', '9000463164', 'arora.naman@outlook.com', '13BEC0183'),
(7220, '15BME0682', 'AASIM ZIAD', 1016, 1, 100, '2015-08-05', '06:27:41', 'cash', '7708927111', 'ziadrafeeq@gmail.com', '13BCL0329'),
(7221, '15BCE0732', 'ARPIT PURI', 1047, 1, 300, '2015-08-05', '06:28:54', 'cash', '9003762475', 'puriarpit@gmail.com', '13BEC0183'),
(7222, '15BEC0667', 'ARYA M NAIR', 1018, 1, 200, '2015-08-05', '06:29:47', 'cash', '7868879294', 'aryam.nair2015@vit.ac.in', '12BIT0060'),
(7223, '15BEC0658', 'MOHD ZUHAIB', 1011, 1, 200, '2015-08-05', '06:31:14', 'cash', '9942393301', 'zuhaibisrarkhan@gmail.com', '13BCL0329'),
(7224, '15BEM0131', 'CHARCHIT AGARWAL', 1049, 1, 50, '2015-08-05', '06:31:17', 'cash', '9585397479', 'charchit.agarwal@yahoo.com', '13BEC0183'),
(7225, '15BCE0306', 'PRINCE ANSARI', 1047, 1, 300, '2015-08-05', '06:31:18', 'cash', '9790647280', 'princeansari29@gmail.com', '13BCE0280'),
(7226, '15BCE0582', 'ADITYA CHELLAM', 1039, 1, 300, '2015-08-05', '06:31:57', 'cash', '9765083003', 'y.s.aditya123@gmail.com', '13BEC0604'),
(7227, '15BCE0582', 'ADITYA CHELLAM', 1069, 1, 50, '2015-08-05', '06:31:57', 'cash', '9765083003', 'y.s.aditya123@gmail.com', '13BEC0604'),
(7228, '15BME0943', 'GURUPREET SINGH SACHDEV', 1049, 1, 50, '2015-08-05', '06:33:00', 'cash', '7871229744', 'pavneetsinghsachdev@gmail.com', '13BEC0183'),
(7230, '15BIT0290', 'VARUN GUPTA', 1172, 1, 50, '2015-08-05', '06:34:57', 'cash', '9790609952', 'GVARUN1997@GMAIL.COM', '13BCB0012'),
(7231, '15BIT0290', 'VARUN GUPTA', 1049, 1, 50, '2015-08-05', '06:34:57', 'cash', '9790609952', 'GVARUN1997@GMAIL.COM', '13BCB0012'),
(7232, '15BBT0098', 'RAGHUVANSHI RAJESH', 1044, 1, 150, '2015-08-05', '06:37:09', 'cash', '7024951883', 'raghu.rajesh1995@gmail.com', '12BIT0060'),
(7233, '15BBT0098', 'RAGHUVANSHI RAJESH', 1168, 1, 0, '2015-08-05', '06:37:09', 'cash', '7024951883', 'raghu.rajesh1995@gmail.com', '12BIT0060'),
(7234, '15BBT0098', 'RAGHUVANSHI RAJESH', 1125, 1, 50, '2015-08-05', '06:37:09', 'cash', '7024951883', 'raghu.rajesh1995@gmail.com', '12BIT0060'),
(7238, '15BME0134', 'MANISH HARISH VANKUDRE', 1088, 1, 50, '2015-08-05', '06:38:13', 'cash', '9585460904', 'MANISHVAVKUDRE@GMAIL.COM', '13BCB0012'),
(7239, '15BIT0053', 'ANVITA CHANDRAKAR', 1047, 1, 300, '2015-08-05', '06:38:33', 'cash', '9003705904', 'anvita.ch01@gmail.com', '13BCE0280'),
(7240, '15BME0966', 'OMKAR MADHUKAR PATIL', 1182, 1, 100, '2015-08-05', '06:39:32', 'cash', '9790017499', 'OMKARPATIL0117@GMAIL.COM', '13BCB0012'),
(7241, '15BBT0030', 'MARIA SMITI', 1168, 1, 0, '2015-08-05', '06:39:49', 'cash', '9597204305', 'smiti.smiley@gmail.com', '12BIT0060'),
(7242, '15BME0822', 'BEDEKAR HRISHIKESH NIKHIL', 1182, 1, 100, '2015-08-05', '06:40:50', 'cash', '9790056671', 'HRISHIKESHBEDEKAR@YAHOO.COM', '13BCB0012'),
(7243, '15BEC0235', 'ESHAN MEHROTRA', 1124, 1, 50, '2015-08-05', '06:40:59', 'cash', '9619093290', 'nahse11@gmail.com', '13BEC0183'),
(7244, '15BEC0235', 'ESHAN MEHROTRA', 1172, 1, 50, '2015-08-05', '06:40:59', 'cash', '9619093290', 'nahse11@gmail.com', '13BEC0183'),
(7245, '15BEC0235', 'ESHAN MEHROTRA', 1121, 1, 50, '2015-08-05', '06:40:59', 'cash', '9619093290', 'nahse11@gmail.com', '13BEC0183'),
(7246, '15BEC0235', 'ESHAN MEHROTRA', 1060, 1, 100, '2015-08-05', '06:40:59', 'cash', '9619093290', 'nahse11@gmail.com', '13BEC0183'),
(7247, '15BEC0509', 'ANIRUDH K', 1135, 1, 50, '2015-08-05', '06:41:19', 'cash', '8277382847', 'anirudhsrikanth.1997@gmail.com', '13BCE0280'),
(7248, '15BCE0538', 'RAJAT MUKATI', 1011, 1, 200, '2015-08-05', '06:41:34', 'cash', '9003858453', 'rajatmukati005@gmail.com', '13BCL0329'),
(7249, '15BCE0538', 'RAJAT MUKATI', 1148, 1, 50, '2015-08-05', '06:41:34', 'cash', '9003858453', 'rajatmukati005@gmail.com', '13BCL0329'),
(7250, '15BEC0764', 'UNNATI AGGARWAL', 1011, 1, 200, '2015-08-05', '06:41:53', 'cash', '9087026220', 'unnatiaggarwal13@gmail.com', '13BEC0784'),
(7251, '15BEC0764', 'UNNATI AGGARWAL', 1047, 1, 300, '2015-08-05', '06:41:53', 'cash', '9087026220', 'unnatiaggarwal13@gmail.com', '13BEC0784'),
(7252, '15BEC0655', 'ANUP KASHYAP', 1135, 1, 50, '2015-08-05', '06:42:47', 'cash', '8277163756', 'anupkashyap7@gmail.com', '13BCE0280'),
(7253, '15BEC0083', 'ANUBHAV KALIA', 1047, 1, 300, '2015-08-05', '06:43:09', 'cash', '9003722679', 'anubhavkalia17@gmail.com', '13BEC0784'),
(7254, '15BEC0606', 'NAMAN ARORA', 1121, 1, 50, '2015-08-05', '06:43:13', 'cash', '9004631644', 'arora.naman@outlook.com', '13BEC0183'),
(7255, '15BME0617', 'YASH ADLAKHA', 1107, 1, 100, '2015-08-05', '06:44:05', 'cash', '9999916268', 'yashadlakha98@gmail.com', '13BCE0280'),
(7256, '15BCE0568', 'AMITYA AGARWAL', 1011, 1, 200, '2015-08-05', '06:44:07', 'cash', '9910022542', 'amitya126@gmail.com', '13BCL0329'),
(7257, '15BCE0568', 'AMITYA AGARWAL', 1148, 1, 50, '2015-08-05', '06:44:07', 'cash', '9910022542', 'amitya126@gmail.com', '13BCL0329'),
(7258, '15BME0687', 'ADITYA CHUGH', 1107, 1, 100, '2015-08-05', '06:45:02', 'cash', '9585585837', 'adityachugh21@gmail.com', '13BCE0280'),
(7259, '15BEC0149', 'AYUSH KHANNA', 1108, 1, 50, '2015-08-05', '06:45:36', 'cash', '7259269924', 'ayush6khanna@gmail.com', '13BEC0784'),
(7260, '15BEC0523', 'ARPIT PARUTHI', 1011, 1, 200, '2015-08-05', '06:46:00', 'cash', '9560874709', 'paruthiarpit@gmail.com', '13BCL0329'),
(7261, '15BEC0523', 'ARPIT PARUTHI', 1148, 1, 50, '2015-08-05', '06:46:00', 'cash', '9560874709', 'paruthiarpit@gmail.com', '13BCL0329'),
(7262, '15BEC0625', 'FAHIM ANVAR MUHAMMED', 1108, 1, 50, '2015-08-05', '06:47:07', 'cash', '9003761390', 'fahimanvartsb@gmail.com', '13BEC0784'),
(7263, '15BCE0524', 'ROHIT MITTAL', 1019, 1, 100, '2015-08-05', '06:47:07', 'cash', '9003684160', 'R44OHIT@GMAIL.COM', '13BCB0012'),
(7264, '15BEC0619', 'SRIKRISHNA IYER', 1135, 1, 50, '2015-08-05', '06:47:12', 'cash', '9003723880', 'srikrishnaiyer@gmail.com', '13BCE0280'),
(7265, '15BEE0016', 'DIVYA SELOT', 1011, 1, 200, '2015-08-05', '06:47:18', 'cash', '8527680958', 'dselot658@gmail.com', '13BCL0329'),
(7266, '15BEE0016', 'DIVYA SELOT', 1148, 1, 50, '2015-08-05', '06:47:18', 'cash', '8527680958', 'dselot658@gmail.com', '13BCL0329'),
(7267, '15BEC0429', 'LAKSHIT TANDON', 1060, 1, 100, '2015-08-05', '06:47:52', 'cash', '9585415900', 'lkshttndn@gmail.com', '13BEC0183'),
(7268, '15BEC0429', 'LAKSHIT TANDON', 1124, 1, 50, '2015-08-05', '06:47:52', 'cash', '9585415900', 'lkshttndn@gmail.com', '13BEC0183'),
(7269, '15BCH0019', 'ABHISHEK KUMAR', 1019, 1, 100, '2015-08-05', '06:48:12', 'cash', '9585588435', 'ABHISHEK21_LOYOLA@HOTMAIL.COM', '13BCB0012'),
(7270, '15BEC0426', 'HARI GALLA', 1135, 1, 50, '2015-08-05', '06:48:44', 'cash', '7868879291', 'hari.galla2015@vit.ac.in', '13BCE0280'),
(7271, '15BEC0625', 'FAHIM ANVAR MUHAMMED', 1024, 1, 100, '2015-08-05', '06:49:00', 'cash', '9003761390', 'fahimanvartsb@gmail.com', '13BEC0784'),
(7272, '15BCE0367', 'PRATEEK GOEL', 1049, 1, 50, '2015-08-05', '06:49:39', 'cash', '9942371956', 'GOELPRATEEK5@GMAIL.COM', '13BCB0012'),
(7273, '15BME0932', 'SWAPNIL BHATTACHARYA', 1049, 1, 50, '2015-08-05', '06:50:59', 'cash', '9003741037', 'B.SWAPNIL985@GMAIL.COM', '13BCB0012'),
(7274, '15BME0764', 'TANMAY BISHT', 1147, 1, 35, '2015-08-05', '06:52:00', 'cash', '9565376005', 'tanmaybisht97@gmail.com', '13BCE0280'),
(7275, '15BEC0149', 'AYUSH KHANNA', 1024, 1, 100, '2015-08-05', '06:52:20', 'cash', '7259269924', 'ayush6khanna@gmail.com', '13BEC0784'),
(7276, '15BEC0149', 'AYUSH KHANNA', 1117, 1, 50, '2015-08-05', '06:52:20', 'cash', '7259269924', 'ayush6khanna@gmail.com', '13BEC0784'),
(7277, '15BME0643', 'HARSH JAIN', 1147, 1, 35, '2015-08-05', '06:52:32', 'cash', '9999766610', 'JAIN.HARSH96@GMAIL.COM', '13BCB0012'),
(7278, '15BEE0075', 'SONU KUMAR THAKUR', 1018, 1, 200, '2015-08-05', '06:53:21', 'cash', '9585334714', 'tomarsonu98@gmail.com', '13BCL0329'),
(7279, '15BME0402', 'SHUBHAM RANA', 1147, 1, 35, '2015-08-05', '06:53:53', 'cash', '7871233434', 'SHUBHAMRANA97@GMAIL.COM', '13BCB0012'),
(7280, '15BME0748', 'KUNAL AGGARWAL', 1147, 1, 35, '2015-08-05', '06:54:21', 'cash', '9790078335', 'kunal19967@gmail.com', '13BCE0280'),
(7281, '15BEC0625', 'FAHIM ANVAR MUHAMMED', 1117, 1, 50, '2015-08-05', '06:55:06', 'cash', '9003761390', 'fahimanvartsb@gmail.com', '13BEC0784'),
(7282, '15BEC0625', 'FAHIM ANVAR MUHAMMED', 1015, 1, 150, '2015-08-05', '06:55:06', 'cash', '9003761390', 'fahimanvartsb@gmail.com', '13BEC0784'),
(7283, '15BCE0355', 'RAGHAV MAHAJAN', 1147, 1, 35, '2015-08-05', '06:55:20', 'cash', '8728825411', 'MAHAJANRAGHAV58@GMAIL.COM', '13BCB0012'),
(7284, '15BME0311', 'PULKIT GUPTA', 1147, 1, 35, '2015-08-05', '06:55:32', 'cash', '9911326988', 'pulkitthescorpion@gmail.com', '13BCE0280'),
(7285, '15BCE0213', 'TIRUMALASETTY HARSHA SAI', 1060, 1, 100, '2015-08-05', '06:56:07', 'cash', '9494807575', 'harshasai471@gmail.com', '12BIT0060'),
(7286, '15BEC0222', 'MUNISH RAJ M', 1015, 1, 150, '2015-08-05', '06:56:37', 'cash', '9445826298', 'munish02@gmail.com', '13BEC0784'),
(7287, '15BME0636', 'KUNALJEET CHAKRABORTY', 1047, 1, 300, '2015-08-05', '06:56:53', 'cash', '9585600173', 'kunaljeetchakraborty9@gmail.com', '13BCE0280'),
(7288, '15BME0242', 'AJAY EARNEST COTTON ', 1060, 1, 100, '2015-08-05', '06:57:16', 'cash', '9789337765', 'ajaycotton@gmail.com', '12BIT0060'),
(7289, '15BME0875', 'ANSHUL AGARWAL', 1007, 1, 150, '2015-08-05', '06:57:45', 'cash', '9003741082', 'TALKQWERTY@GMAIL.COM', '13BCB0012'),
(7290, '15BIT0155', 'GURUBILLI VENKATA SAI SAGAR', 1060, 1, 100, '2015-08-05', '06:58:28', 'cash', '7871232866', 'bond.jamesbond.james308@gmail.com', '12BIT0060'),
(7291, '15BCE0356', 'CHARUL SINGH', 1047, 1, 300, '2015-08-05', '06:58:58', 'cash', '9585465510', 'charul.singh2015@vit.ac.in', '13BCE0280'),
(7292, '15BCE0356', 'CHARUL SINGH', 1119, 1, 100, '2015-08-05', '06:58:58', 'cash', '9585465510', 'charul.singh2015@vit.ac.in', '13BCE0280'),
(7293, '15BIT0188', 'ADUSUPALLI SAI JEEVAN', 1060, 1, 100, '2015-08-05', '06:59:45', 'cash', '8897020333', 'saijeevannaidu@gmail.com', '12BIT0060'),
(7294, '15BME0710', 'OMKAR VINAY CHUNAMARI', 1182, 1, 100, '2015-08-05', '07:00:10', 'cash', '9790626008', 'OVCHUNAMARI@GMAIL.COM', '13BCB0012'),
(7295, '15BME0710', 'OMKAR VINAY CHUNAMARI', 1011, 1, 200, '2015-08-05', '07:00:10', 'cash', '9790626008', 'OVCHUNAMARI@GMAIL.COM', '13BCB0012'),
(7296, '15BME2028', 'AVINASH SANTOSH', 1052, 1, 100, '2015-08-05', '07:00:18', 'cash', '9003858400', 'avinash.santosh9@gmail.com', '13BEC0784'),
(7297, '15BME2028', 'AVINASH SANTOSH', 1046, 1, 100, '2015-08-05', '07:00:18', 'cash', '9003858400', 'avinash.santosh9@gmail.com', '13BEC0784'),
(7298, '15BME2028', 'AVINASH SANTOSH', 1047, 1, 300, '2015-08-05', '07:00:18', 'cash', '9003858400', 'avinash.santosh9@gmail.com', '13BEC0784'),
(7299, '15BEC0741', 'MADHUR SATIJA', 1047, 1, 300, '2015-08-05', '07:01:03', 'cash', '9790011209', 'me@madhursatija.in', '13BCE0280'),
(7300, '15BEC0745', 'ANUSHKA ANAND ', 1047, 1, 300, '2015-08-05', '07:02:05', 'cash', '9003728720', 'anushka.anand2015@vit.ac.in', '13BCE0280'),
(7301, '15BEC0081', 'ANURAG GUPTA', 1127, 1, 150, '2015-08-05', '07:02:10', 'cash', '9942375266', 'anurag.gupta2015@vit.ac.in', '13BCL0329'),
(7302, '15BME2011', 'VIVEK OLIKARA GEORGE', 1003, 1, 200, '2015-08-05', '07:02:40', 'cash', '9003694142', 'vivekghere@hotmail.com', '13BEC0183'),
(7303, '15BME2011', 'VIVEK OLIKARA GEORGE', 1013, 1, 150, '2015-08-05', '07:02:40', 'cash', '9003694142', 'vivekghere@hotmail.com', '13BEC0183'),
(7304, '15BME2011', 'VIVEK OLIKARA GEORGE', 1060, 1, 100, '2015-08-05', '07:02:40', 'cash', '9003694142', 'vivekghere@hotmail.com', '13BEC0183'),
(7305, '15BME2011', 'VIVEK OLIKARA GEORGE', 1123, 1, 50, '2015-08-05', '07:02:40', 'cash', '9003694142', 'vivekghere@hotmail.com', '13BEC0183'),
(7306, '15BBT0098', 'RAGHUVANSHI RAJESH', 1142, 1, 50, '2015-08-05', '07:04:39', 'cash', '7024951883', 'RAGHU.RAJESH1995@GMAIL.COM', '13BCB0012'),
(7307, '15BME2027', 'ASHWIN HARIKRISHNAN', 1003, 1, 200, '2015-08-05', '07:05:24', 'cash', '9087053341', 'ashwinharikrishnan@gmail.com', '13BEC0183'),
(7308, '15BME2027', 'ASHWIN HARIKRISHNAN', 1013, 1, 150, '2015-08-05', '07:05:24', 'cash', '9087053341', 'ashwinharikrishnan@gmail.com', '13BEC0183'),
(7309, '15BME2027', 'ASHWIN HARIKRISHNAN', 1060, 1, 100, '2015-08-05', '07:05:24', 'cash', '9087053341', 'ashwinharikrishnan@gmail.com', '13BEC0183'),
(7310, '15BBT0030', 'MARIA SMITI', 1142, 1, 50, '2015-08-05', '07:05:56', 'cash', '9597204305', 'SMITI.SMILEY@GMAIL.COM', '13BCB0012'),
(7311, '15BEI0073', 'CHITRA KRISHNAMURTHI', 1047, 1, 300, '2015-08-05', '07:07:18', 'cash', '8056756175', 'chitrakrishnamurthi7@gmail.com', '13BCE0280'),
(7312, '15BCE0785', 'ANKUR SARODE', 1049, 1, 50, '2015-08-05', '07:07:27', 'cash', '9850007704', 'ankur.sarode@gmail.com', '13BEC0784'),
(7313, '15BBT0146', 'NANDHINI NATARAJAN', 1142, 1, 50, '2015-08-05', '07:07:41', 'cash', '9790094661', 'NANDHININATARAJAN18@GMAIL.COM', '13BCB0012'),
(7314, '15BME2043', 'RAHUL BALASUBRAMANIAN', 1013, 1, 150, '2015-08-05', '07:08:05', 'cash', '9003761877', 'rahulnehha@yahoo.com', '13BEC0183'),
(7315, '15BME2043', 'RAHUL BALASUBRAMANIAN', 1060, 1, 100, '2015-08-05', '07:08:05', 'cash', '9003761877', 'rahulnehha@yahoo.com', '13BEC0183'),
(7316, '15BME2043', 'RAHUL BALASUBRAMANIAN', 1123, 1, 50, '2015-08-05', '07:08:05', 'cash', '9003761877', 'rahulnehha@yahoo.com', '13BEC0183'),
(7317, '15BCE0908', 'HITESH MANDHYAN', 1049, 1, 50, '2015-08-05', '07:08:52', 'cash', '9790643083', 'hitesh.mandhyan@gmail.com', '13BEC0784'),
(7318, '15BCE0622', 'KUNAL SHARMA', 1047, 1, 300, '2015-08-05', '07:09:34', 'cash', '9585437411', 'kunalsharma151196@gmail.com', '13BCE0280'),
(7319, '15BME0932', 'SWAPNIL BHATTACHARYA', 1017, 1, 450, '2015-08-05', '07:11:59', 'cash', '9003741037', 'b.swapnil985@gmail.com', '13BEC0784'),
(7320, '15BEC0204', 'SANSKRITI RASTOGI', 1047, 1, 300, '2015-08-05', '07:13:13', 'cash', '9003773137', 'rastogisanskriti16@gmail.com', '13BCE0280'),
(7321, '15BEM0116', 'KARAMMEL EDWIN MODY', 1147, 1, 35, '2015-08-05', '07:13:49', 'cash', '9942399019', 'KARAMMELEDWIN.MODY2015@VIT.AC.IN', '13BCB0012'),
(7322, '15BEM0116', 'KARAMMEL EDWIN MODY', 1121, 1, 50, '2015-08-05', '07:13:49', 'cash', '9942399019', 'KARAMMELEDWIN.MODY2015@VIT.AC.IN', '13BCB0012'),
(7323, '15BEM0116', 'KARAMMEL EDWIN MODY', 1041, 1, 300, '2015-08-05', '07:13:49', 'cash', '9942399019', 'KARAMMELEDWIN.MODY2015@VIT.AC.IN', '13BCB0012'),
(7327, '15BME0643', 'HARSH JAIN', 1017, 1, 450, '2015-08-05', '07:13:59', 'cash', '9999766610', 'jain.harsh96@gmail.com', '13BEC0784'),
(7328, '15BCL0309', 'Aashil Rahaman Vallanchira', 1157, 1, 100, '2015-08-05', '07:14:09', 'cash', '9003725846', 'aashilrv@gmail.com', '13BCE0786'),
(7329, '15BEC0341', 'RADHIKA GERA', 1047, 1, 300, '2015-08-05', '07:14:39', 'cash', '9585365743', 'radhikagera_24@yahoo.in', '13BCE0280'),
(7330, '15BEE0122', 'DAKSH MEHTA', 1118, 1, 50, '2015-08-05', '07:14:46', 'cash', '9991080769', 'daksh95@gmail.com', '13BCL0329'),
(7331, '15BME0402', 'SHUBHAM RANA', 1017, 1, 450, '2015-08-05', '07:15:34', 'cash', '7871233434', 'shubhamrana97@gmail.com', '13BEC0784'),
(7332, '15BEC0136', 'AKASH SINGH', 1127, 1, 150, '2015-08-05', '07:16:19', 'cash', '8802000331', 'AKASHSINGHN233@GMAIL.COM', '13BCB0012'),
(7333, '15BEC0851', 'PRASAD JAIN', 1017, 1, 450, '2015-08-05', '07:16:45', 'cash', '8504977705', 'prasad.jain2015@vit.ac.in', '13BEC0183'),
(7334, '15BEM0129', 'ARNAV BHATNAGAR', 1047, 1, 300, '2015-08-05', '07:16:53', 'cash', '9999370540', 'arnav.b07@gmail.com', '13BCE0280'),
(7335, '15BEC0828', 'MOHIT JAIN', 1047, 1, 300, '2015-08-05', '07:17:11', 'cash', '9571646588', 'jain.mohit.161996@gmail.com', '13BEC0784'),
(7336, '15BCE0252', 'DAKSH MEHTA', 1048, 1, 250, '2015-08-05', '07:18:06', 'cash', '9991080769', 'daksh95@gmail.com', '13BCL0329'),
(7337, '15BEM0131', 'CHARCHIT AGARWAL', 1047, 1, 300, '2015-08-05', '07:19:03', 'cash', '9585397479', 'charchit.agarwal@yahoo.com', '13BEC0784'),
(7338, '15BCH0069', 'RAJAT MISHRA', 1010, 1, 50, '2015-08-05', '07:20:31', 'cash', '9585397277', 'rajatmishra897@gmail.com', '13BCL0329'),
(7339, '15BEC0052', 'SAGAR SANTOSH KULKARNI', 1047, 1, 300, '2015-08-05', '07:22:05', 'cash', '9549599989', 'sagark2296@gmail.com', '13BCE0280'),
(7340, '15BEC0052', 'SAGAR SANTOSH KULKARNI', 1041, 1, 300, '2015-08-05', '07:22:05', 'cash', '9549599989', 'sagark2296@gmail.com', '13BCE0280'),
(7341, '15BEC0052', 'SAGAR SANTOSH KULKARNI', 1049, 1, 50, '2015-08-05', '07:22:05', 'cash', '9549599989', 'sagark2296@gmail.com', '13BCE0280'),
(7342, '15BEC0380', 'AAKARSH DHARIWAL', 1125, 1, 50, '2015-08-05', '07:22:41', 'cash', '9003752324', 'AAKARSHDHARIWAL@GMAIL.COM', '13BCB0012'),
(7343, '15BEC0365', 'ADITYA GUPTA', 1125, 1, 50, '2015-08-05', '07:23:39', 'cash', '7500573337', 'ADITYABAJAJ12395@GMAIL.COM', '13BCB0012'),
(7344, '15BME2011', 'VIVEK OLIKARA GEORGE', 1016, 1, 100, '2015-08-05', '07:23:41', 'cash', '9003694142', 'vivekghere@hotmail.com', '13BEC0784'),
(7345, '15MAC0008', 'NIRMAL RAJ G', 1163, 1, 50, '2015-08-05', '07:25:22', 'cash', '9486303654', 'NIRMAL170592@GMAIL.COM', '13BCB0012'),
(7346, '15BCL0176', 'kARTHIK SUNDER', 1134, 1, 50, '2015-08-05', '07:27:19', 'cash', '9585332055', 'kartikmesun@rediffmail.com', '13BEC0183'),
(7347, '15BCL0176', 'kARTHIK SUNDER', 1135, 1, 50, '2015-08-05', '07:27:19', 'cash', '9585332055', 'kartikmesun@rediffmail.com', '13BEC0183'),
(7348, '15BME2027', 'ASHWIN HARIKRISHNAN', 1016, 1, 100, '2015-08-05', '07:27:45', 'cash', '9087053341', 'ashwinharikrishnan@gmail.com', '13BEC0784'),
(7349, '15BEC0049', 'VAMSI KRISHNA', 1047, 1, 300, '2015-08-05', '07:28:13', 'cash', '9942404403', 'vamsi8919@outlook.com', '13BCE0280'),
(7350, '15BEC0049', 'VAMSI KRISHNA', 1041, 1, 300, '2015-08-05', '07:28:13', 'cash', '9942404403', 'vamsi8919@outlook.com', '13BCE0280'),
(7351, '15BEC0049', 'VAMSI KRISHNA', 1049, 1, 50, '2015-08-05', '07:28:13', 'cash', '9942404403', 'vamsi8919@outlook.com', '13BCE0280'),
(7352, '15MAC0015', 'KADIYAM VENKATA ASHOK KUMAR', 1163, 1, 50, '2015-08-05', '07:28:47', 'cash', '9790006091', 'ASHOKKADIYAM@GMAIL.COM', '13BCB0012'),
(7353, '15BME2043', 'RAHUL BALASUBRAMANIAN', 1016, 1, 100, '2015-08-05', '07:30:37', 'cash', '9003761877', 'rahulnehha@yahoo.com', '13BEC0784'),
(7354, '15BEC0880', 'SOMYA AGARWAL', 1090, 1, 35, '2015-08-05', '07:31:14', 'cash', '9003858070', 'kunal.kumar2015@vit.ac.in', '13BCE0280'),
(7355, '15BEE0118', 'PRANSHU GUPTA', 1172, 1, 50, '2015-08-05', '07:31:23', 'cash', '7667797137', 'pranshugupta52@gmail.com', '13BEC0183'),
(7357, '15BME0423', 'LAKSHYA GUPTA', 1147, 1, 35, '2015-08-05', '07:31:29', 'cash', '8056815700', 'lakshya.gupta2015@gmail.com', '13BCL0329'),
(7358, '15BCL0066', 'YENDURI MOHANA SAI VENKAT', 1147, 1, 35, '2015-08-05', '07:31:34', 'cash', '9790635599', 'KITKATSAI20@GMAIL.COM', '13BCB0012'),
(7359, '15BEC0183', 'KUNAL KUMAR', 1090, 1, 35, '2015-08-05', '07:32:28', 'cash', '9003677701', 'kunal.kumar2015@vit.ac.in', '13BCE0280'),
(7360, '15BCL0122', 'KUNDANATI RAHUL RAJ', 1147, 1, 35, '2015-08-05', '07:33:01', 'cash', '9790099231', 'RAHULRAJKUN@GMAIL.COM', '13BCB0012'),
(7361, '15BCE0967', 'ANIRUDDHO DUTT', 1147, 1, 35, '2015-08-05', '07:33:12', 'cash', '8056815700', 'aniruddutt97@gmail.com', '13BCL0329'),
(7362, '15BCL0364', 'YATHARTH', 1090, 1, 35, '2015-08-05', '07:33:54', 'cash', '9416377977', 'yatharth.2015@vit.ac.in', '13BCE0280'),
(7364, '15BEE0250', 'SOHAIL AKHTAR KHAN', 1147, 1, 35, '2015-08-05', '07:33:57', 'cash', '9162222057', 'SOHAILKHAN898@GMAIL.COM', '13BCB0012'),
(7365, '15BEC0543', 'KSHITIJ SRIVASTAVA', 1115, 1, 50, '2015-08-05', '07:34:22', 'cash', '9003769049', 'kshitijsrivastava2597@gmail.com', '13BEC0784'),
(7366, '15BEC0543', 'KSHITIJ SRIVASTAVA', 1147, 1, 35, '2015-08-05', '07:34:22', 'cash', '9003769049', 'kshitijsrivastava2597@gmail.com', '13BEC0784'),
(7367, '15BCE0969', 'ARJUN KAUL', 1147, 1, 35, '2015-08-05', '07:34:43', 'cash', '9419265374', 'arjun.kaul2015@vit.ac.in', '13BCL0329'),
(7368, '15BEC0698', 'ANKIT RAJ', 1049, 1, 50, '2015-08-05', '07:34:55', 'cash', '9003739700', 'ANKITSACHINRAJ@GMAIL.COM', '13BCB0012'),
(7369, '15BEC0670', 'NIHARIKA YEDDANAPUDI', 1011, 1, 200, '2015-08-05', '07:36:05', 'cash', '9840340158', 'shiver2298@gmail.com', '13BCE0280'),
(7370, '15BEC0670', 'NIHARIKA YEDDANAPUDI', 1088, 1, 50, '2015-08-05', '07:36:05', 'cash', '9840340158', 'shiver2298@gmail.com', '13BCE0280'),
(7371, '15BEC0209', 'ABHAY SRIVASTAVA', 1044, 1, 150, '2015-08-05', '07:36:40', 'cash', '9003757354', 'YASHABHAY26@GMAIL.COM', '13BCB0012'),
(7372, '15BEC0882', 'AISHWARYA SINHAL', 1011, 1, 200, '2015-08-05', '07:37:30', 'cash', '9790007874', 'sinhal.aishwarya@gmail.com', '13BCE0280'),
(7373, '15BEC0882', 'AISHWARYA SINHAL', 1088, 1, 50, '2015-08-05', '07:37:30', 'cash', '9790007874', 'sinhal.aishwarya@gmail.com', '13BCE0280'),
(7378, '15BME0036', 'POORNESH', 1141, 1, 50, '2015-08-05', '07:37:34', 'cash', '9591808856', 'poornesh.cosmos@gmail.com', '13BEC0784'),
(7379, '15BME0683', 'A P PRADHYUMNA', 1047, 1, 300, '2015-08-05', '07:38:30', 'cash', '9843398533', 'pradhyu.anand@gmail.com', '13BEC0183'),
(7380, '15BME0683', 'A P PRADHYUMNA', 1035, 1, 400, '2015-08-05', '07:38:30', 'cash', '9843398533', 'pradhyu.anand@gmail.com', '13BEC0183'),
(7381, '15BME0683', 'A P PRADHYUMNA', 1011, 1, 200, '2015-08-05', '07:38:30', 'cash', '9843398533', 'pradhyu.anand@gmail.com', '13BEC0183'),
(7382, '15BME0683', 'A P PRADHYUMNA', 1116, 1, 50, '2015-08-05', '07:38:30', 'cash', '9843398533', 'pradhyu.anand@gmail.com', '13BEC0183'),
(7383, '15BME0683', 'A P PRADHYUMNA', 1003, 1, 200, '2015-08-05', '07:38:30', 'cash', '9843398533', 'pradhyu.anand@gmail.com', '13BEC0183'),
(7384, '15BME0683', 'A P PRADHYUMNA', 1006, 1, 150, '2015-08-05', '07:38:30', 'cash', '9843398533', 'pradhyu.anand@gmail.com', '13BEC0183'),
(7385, '15BCE0757', 'BHAVYE SHARMA', 1123, 1, 50, '2015-08-05', '07:39:47', 'cash', '9790614715', 'bhavye.sharma2015@vit.ac.in', '13BCL0329'),
(7386, '15BEC0780', 'YASH ANAND', 1041, 1, 300, '2015-08-05', '07:39:51', 'cash', '9790631336', 'MAGGI.YASH@REDIFFMAIL.COM', '13BCB0012'),
(7387, '15BEC0780', 'YASH ANAND', 1147, 1, 35, '2015-08-05', '07:39:51', 'cash', '9790631336', 'MAGGI.YASH@REDIFFMAIL.COM', '13BCB0012'),
(7388, '15BEC0780', 'YASH ANAND', 1078, 1, 50, '2015-08-05', '07:39:51', 'cash', '9790631336', 'MAGGI.YASH@REDIFFMAIL.COM', '13BCB0012'),
(7389, '15BEC0531', 'VIVEK SHOKEEN', 1003, 1, 200, '2015-08-05', '07:40:14', 'cash', '9790070239', 'vivekshokeen97@gmail.com', '13BEC0183'),
(7390, '15BCL0207', 'RISHABH MAAN SINGH', 1141, 1, 50, '2015-08-05', '07:40:19', 'cash', '9003718399', 'singhrishabh58@rediffmail.com', '13BEC0784'),
(7391, '15MIS0173', 'SRIRAM K', 1047, 1, 300, '2015-08-05', '07:40:57', 'cash', '9444321961', '97sriram@gmail.com', '13BCE0280'),
(7392, '15MIS0173', 'SRIRAM K', 1069, 1, 50, '2015-08-05', '07:40:57', 'cash', '9444321961', '97sriram@gmail.com', '13BCE0280'),
(7395, '15BEC0527', 'K HARISH ', 1073, 1, 100, '2015-08-05', '07:41:39', 'cash', '9167901834', 'RHM203@GMAIL.COM', '13BCB0012'),
(7396, '15BCL0137', 'SHREYA BHUSNUR', 1146, 1, 50, '2015-08-05', '07:42:08', 'cash', '9752109522', 'shreyaart12@gmail.com', '13BCL0329'),
(7397, '15MIS0005', 'BOPPANA KINNERA', 1047, 1, 300, '2015-08-05', '07:42:25', 'cash', '9445909382', 'kinnera3456@gmail.com', '13BCE0280'),
(7398, '15MIS0005', 'BOPPANA KINNERA', 1069, 1, 50, '2015-08-05', '07:42:25', 'cash', '9445909382', 'kinnera3456@gmail.com', '13BCE0280'),
(7399, '15BME0215', 'PATEL YASH', 1016, 1, 100, '2015-08-05', '07:42:36', 'cash', '9790037341', 'yashpatel9797@gmail.com', '13BEC0784'),
(7400, '15BCL0181', 'SWATI SUMAN', 1146, 1, 50, '2015-08-05', '07:43:18', 'cash', '9585448353', 'swati.suman2015@vit.ac.in', '13BCL0329');
INSERT INTO `internal_registration` (`id`, `regno`, `name`, `event_id`, `team`, `price`, `date`, `time`, `rrno`, `phno`, `email`, `cord_login`) VALUES
(7401, '15BEC0367', 'RISHABH JAIN ', 1073, 1, 100, '2015-08-05', '07:43:32', 'cash', '9971632638', '2511997RJ@GMAIL.COM', '13BCB0012'),
(7402, '15BME0920', 'AVINASH CHAUDHARY', 1016, 1, 100, '2015-08-05', '07:43:57', 'cash', '9869000682', 'avinashrocks@hotmail.com', '13BEC0784'),
(7403, '15BCL0206', 'ANKIT AGARWAL', 1146, 1, 50, '2015-08-05', '07:44:26', 'cash', '9003725311', 'ankitagarwal2706@gmail.com', '13BCL0329'),
(7404, '15BIT0073', 'RAJADORAI D S', 1047, 1, 300, '2015-08-05', '07:44:27', 'cash', '7200019196', 'raja.bostonceltics@gmail.com', '13BCE0280'),
(7405, '15BEC0505', 'RAM KISHORE TRIPATHI', 1094, 1, 100, '2015-08-05', '07:44:56', 'cash', '9003737733', 'RAM.ROUNAK27@GMAIL.COM', '13BCB0012'),
(7406, '15BIT0288', 'JAIMIN FOJDAR', 1016, 1, 100, '2015-08-05', '07:45:28', 'cash', '9790014175', 'jfojdar11@gmail.com', '13BEC0784'),
(7407, '15BCL0215', 'AAYUSH PATEL', 1146, 1, 50, '2015-08-05', '07:45:45', 'cash', '9790054176', 'aayushp1409@gmail.com', '13BCL0329'),
(7408, '15BME0647', 'PRIYANSHU', 1094, 1, 100, '2015-08-05', '07:46:16', 'cash', '8122667831', 'PRIYANSHU.GANGWAR2050@GMAIL.COM', '13BCB0012'),
(7409, '15BCE0740', 'FAHEEM ALI', 1047, 1, 300, '2015-08-05', '07:46:51', 'cash', '9790004176', 'fmali1997@gmail.com', '13BEC0784'),
(7410, '15BCL0230', 'VITISH GUPTA', 1146, 1, 50, '2015-08-05', '07:47:47', 'cash', '7868879284', 'gvitish@gmail.com', '13BCL0329'),
(7411, '15BEC0482', 'NARAYANAM SAMPATH KUMAR ', 1047, 1, 300, '2015-08-05', '07:48:16', 'cash', '9790632321', 'sampathnarayanan@gmail.com', '13BCE0280'),
(7412, '15BCE0571', 'UJJWAL VERMA', 1047, 1, 300, '2015-08-05', '07:48:19', 'cash', '9790020828', 'ujjwal.verma2015@vit.ac.in', '13BEC0784'),
(7413, '15BME0979', 'SHUBHANG KHARE', 1011, 1, 200, '2015-08-05', '07:48:46', 'cash', '9003752675', 'shubhangk7@gmail.com', '13BEC0183'),
(7414, '15BCL0202', 'TANMAY MALPANI', 1146, 1, 50, '2015-08-05', '07:49:01', 'cash', '9811738465', 'tanmaymalpani@hotmail.com', '13BCL0329'),
(7415, '15BCE0588', 'NITTALA VENKATA SAI ADITYA', 1047, 1, 300, '2015-08-05', '07:49:57', 'cash', '9790035884', 'adityya007@gmail.com', '13BEC0784'),
(7416, '15BEC0343', 'LAKSHMI LOKESH', 1047, 1, 300, '2015-08-05', '07:50:46', 'cash', '9003755684', 'busettylokesh97@gmail.com', '13BCE0280'),
(7417, '15BME2068', 'HIMANSHU AGRAWAL', 1034, 1, 200, '2015-08-05', '07:51:01', 'cash', '9790034813', 'aghemu962@gmail.com', '13BEC0183'),
(7418, '15BEM0089', 'AMITABH DAS', 1089, 1, 50, '2015-08-05', '07:51:11', 'cash', '8763332619', 'AMITABH.DASH51@GMAIL.COM', '13BCB0012'),
(7419, '15BCE0667', 'POTHIREDDY YASHWANTH REDDY', 1047, 1, 300, '2015-08-05', '07:51:36', 'cash', '9790023195', 'yashwanthcd9@gmail.com', '13BEC0784'),
(7420, '15BEC0746', 'CHALLAGONDA PRANEETH SAI VENKAT', 1047, 1, 300, '2015-08-05', '07:53:05', 'cash', '7702844482', 'praneeth.budlu@gmail.com', '13BEC0784'),
(7421, '15BEC0365', 'ADITYA GUPTA', 1073, 1, 100, '2015-08-05', '07:53:42', 'cash', '7500573337', 'ADITYABAJAJ12395@GMAIL.COM', '13BCB0012'),
(7422, '15BEC0365', 'ADITYA GUPTA', 1090, 1, 35, '2015-08-05', '07:53:42', 'cash', '7500573337', 'ADITYABAJAJ12395@GMAIL.COM', '13BCB0012'),
(7423, '15BCE0225', 'KORRAKUTI NIKHIL KUMAR', 1047, 1, 300, '2015-08-05', '07:54:55', 'cash', '9790038934', 'nikhil4151998@gmail.com', '13BEC0784'),
(7424, '15BEC0862', 'SHASHANK SHEKHAR', 1090, 1, 35, '2015-08-05', '07:55:00', 'cash', '9471758617', 'SHASHANK1C1166@GMAIL.COM', '13BCB0012'),
(7425, '15BEM0033', 'TUSHAR SHUKLA', 1090, 1, 35, '2015-08-05', '07:56:04', 'cash', '9790022596', 'SHUKLA.TUSHAR16@GMAIL.COM', '13BCB0012'),
(7426, '15MIS0153', 'SWATHI A', 1047, 1, 300, '2015-08-05', '07:56:17', 'cash', '9940722181', 'swathisudha65@gmail.com', '13BCE0280'),
(7427, '15MIS0153', 'SWATHI A', 1124, 1, 50, '2015-08-05', '07:56:17', 'cash', '9940722181', 'swathisudha65@gmail.com', '13BCE0280'),
(7428, '15BCL0131', 'HEMRAJ SINGH', 1146, 1, 50, '2015-08-05', '07:57:06', 'cash', '7023831611', 'hemrajsingh695@gmail.com', '13BCL0329'),
(7429, '15BEC0862', 'SHASHANK SHEKHAR', 1041, 1, 300, '2015-08-05', '07:57:22', 'cash', '9471758617', 'SHASHANK1C1166@GMAIL.COM', '13BCB0012'),
(7430, '15BCE0628', 'SIDDHARTHA BHARGAVA', 1044, 1, 150, '2015-08-05', '07:57:22', 'cash', '7043137701', 'sddhrth.bhargava@gmail.com', '13BEC0784'),
(7431, '15MIS0125', 'S NAVEEN KUMAR', 1047, 1, 300, '2015-08-05', '07:57:50', 'cash', '8148021720', 'snaveen286@gmail.com', '13BCE0280'),
(7432, '15MIS0125', 'S NAVEEN KUMAR', 1124, 1, 50, '2015-08-05', '07:57:50', 'cash', '8148021720', 'snaveen286@gmail.com', '13BCE0280'),
(7433, '15BME0787', 'RAJHANS PRAHLAD PRASAD', 1032, 1, 200, '2015-08-05', '07:58:32', 'cash', '9003698969', 'PRAHLADRAJHANS@GMAIL.COM', '13BCB0012'),
(7434, '15BCE0758', 'BADDAM JAITEJ', 1044, 1, 150, '2015-08-05', '07:58:48', 'cash', '9700979794', 'jaib.493@gmail.com', '13BEC0784'),
(7435, '15BME0915', 'R RISHI BHARADWAJ', 1011, 1, 200, '2015-08-05', '07:58:57', 'cash', '8879629380', 'r.rishi.bharadwaj@gmail.com', '13BEC0183'),
(7436, '15BME0915', 'R RISHI BHARADWAJ', 1028, 1, 600, '2015-08-05', '07:58:57', 'cash', '8879629380', 'r.rishi.bharadwaj@gmail.com', '13BEC0183'),
(7437, '15BME0915', 'R RISHI BHARADWAJ', 1047, 1, 300, '2015-08-05', '07:58:57', 'cash', '8879629380', 'r.rishi.bharadwaj@gmail.com', '13BEC0183'),
(7438, '15BME0915', 'R RISHI BHARADWAJ', 1035, 1, 400, '2015-08-05', '07:58:57', 'cash', '8879629380', 'r.rishi.bharadwaj@gmail.com', '13BEC0183'),
(7439, '15BME0915', 'R RISHI BHARADWAJ', 1034, 1, 200, '2015-08-05', '07:58:57', 'cash', '8879629380', 'r.rishi.bharadwaj@gmail.com', '13BEC0183'),
(7440, '15BME0915', 'R RISHI BHARADWAJ', 1107, 1, 100, '2015-08-05', '07:58:57', 'cash', '8879629380', 'r.rishi.bharadwaj@gmail.com', '13BEC0183'),
(7441, '15BME0915', 'R RISHI BHARADWAJ', 1127, 1, 150, '2015-08-05', '07:58:57', 'cash', '8879629380', 'r.rishi.bharadwaj@gmail.com', '13BEC0183'),
(7442, '15MIS0005', 'BOPPANA KINNERA', 1124, 1, 50, '2015-08-05', '07:59:26', 'cash', '9445909382', 'kinnera3456@gmail.com', '13BCE0280'),
(7443, '15BEC0147', 'RAHUL AGARWAL ', 1104, 1, 100, '2015-08-05', '08:00:04', 'cash', '8908827962', 'DINKU.RAHULAGARWAL28@GMAIL.COM', '13BCB0012'),
(7444, '15BPI0039', 'ANANTHU RAJU', 1094, 1, 100, '2015-08-05', '08:00:54', 'cash', '9790055799', 'ananthu.raju.13@gmail.com', '13BEC0784'),
(7445, '15BME0748', 'KUNAL AGGARWAL ', 1032, 1, 200, '2015-08-05', '08:01:09', 'cash', '9790078335', 'KUNAL19967@GMAIL.COM', '13BCB0012'),
(7446, '15MIS0340', 'JOEL RICHARD', 1047, 1, 300, '2015-08-05', '08:01:47', 'cash', '9597010103', 'joelrichard2010@gmail.com', '13BCE0280'),
(7447, '15BCE0562', 'AKSHITA SHARMA', 1039, 1, 300, '2015-08-05', '08:02:20', 'cash', '8505974848', 'akku215@gmail.com', '13BEC0784'),
(7448, '15BME0275', 'GOSWAMI REGALBHARTHI KAMLESHBHARTHI', 1028, 1, 600, '2015-08-05', '08:02:42', 'cash', '9790036034', 'REGALCOMPUCARE@GMAIL.COM', '13BCB0012'),
(7449, '15BIT0262', 'SANYAM JAIN ', 1006, 1, 150, '2015-08-05', '08:03:14', 'cash', '9796966703', 'sanyam.5009@gmail.com', '13BEC0183'),
(7450, '15BIT0262', 'SANYAM JAIN ', 1121, 1, 50, '2015-08-05', '08:03:14', 'cash', '9796966703', 'sanyam.5009@gmail.com', '13BEC0183'),
(7451, '15BIT0262', 'SANYAM JAIN ', 1124, 1, 50, '2015-08-05', '08:03:14', 'cash', '9796966703', 'sanyam.5009@gmail.com', '13BEC0183'),
(7452, '15BIT0262', 'SANYAM JAIN ', 1011, 1, 200, '2015-08-05', '08:03:14', 'cash', '9796966703', 'sanyam.5009@gmail.com', '13BEC0183'),
(7453, '15BIT0262', 'SANYAM JAIN ', 1060, 1, 100, '2015-08-05', '08:03:14', 'cash', '9796966703', 'sanyam.5009@gmail.com', '13BEC0183'),
(7454, '15BIT0262', 'SANYAM JAIN ', 1172, 1, 50, '2015-08-05', '08:03:14', 'cash', '9796966703', 'sanyam.5009@gmail.com', '13BEC0183'),
(7455, '15BCE0706', 'SAURAV TANEJA', 1047, 1, 300, '2015-08-05', '08:04:28', 'cash', '9991112291', 'SAURAVT9@GMAIL.COM', '13BCB0012'),
(7456, '15MIS0436', 'MANI SEKHAR', 1047, 1, 300, '2015-08-05', '08:04:32', 'cash', '9705165151', 'dmsekhar98@gmail.com', '13BCE0280'),
(7457, '15MIS0436', 'MANI SEKHAR', 1127, 1, 150, '2015-08-05', '08:04:32', 'cash', '9705165151', 'dmsekhar98@gmail.com', '13BCE0280'),
(7458, '15MIS0436', 'MANI SEKHAR', 1124, 1, 50, '2015-08-05', '08:04:32', 'cash', '9705165151', 'dmsekhar98@gmail.com', '13BCE0280'),
(7459, '15BEM0105', 'JAIN ABHISHEK SANJAY', 1108, 1, 50, '2015-08-05', '08:04:51', 'cash', '9022536959', 'jain37557@gmail.com', '13BEC0784'),
(7460, '15BEM0105', 'JAIN ABHISHEK SANJAY', 1011, 1, 200, '2015-08-05', '08:04:51', 'cash', '9022536959', 'jain37557@gmail.com', '13BEC0784'),
(7461, '15BCE0678', 'DIVYANSHU GUPTA', 1025, 1, 600, '2015-08-05', '08:06:18', 'cash', '7742572433', 'DIVYU.DG@GMAIL.COM', '13BCB0012'),
(7462, '15BEM0100', 'ZAWARE SAURABH SANJAY', 1017, 1, 450, '2015-08-05', '08:06:30', 'cash', '9790062292', 'saurabhzaware@yahoo.com', '13BEC0784'),
(7463, '15BCL0233', 'BIKASH PATNAIK', 1013, 1, 150, '2015-08-05', '08:07:56', 'cash', '7358329183', 'BIKASHPATNAIK1997@GMAIL.COM', '13BCB0012'),
(7464, '15BCH0025', 'AMRIT RATH ', 1013, 1, 150, '2015-08-05', '08:09:04', 'cash', '9437015229', 'GALACTALEX10@GMAIL.COM', '13BCB0012'),
(7465, '15BCE0977', 'LAV MAHTAN', 1089, 1, 50, '2015-08-05', '09:45:00', 'cash', '9920606706', 'lavmahtani@gmail.com', '13BEC0240'),
(7466, '15BCE0977', 'LAV MAHTAN', 1016, 1, 100, '2015-08-05', '09:45:00', 'cash', '9920606706', 'lavmahtani@gmail.com', '13BEC0240'),
(7467, '15BME0562', 'SHIVAM SINGH', 1060, 1, 100, '2015-08-05', '09:46:16', 'cash', '9585409425', 'singhshivam5509@gmail.com', '13BEC0240'),
(7468, '15BEC0350', 'PRASUN AMBASTHA', 1049, 1, 50, '2015-08-05', '09:46:34', 'cash', '9585419211', 'prasunambastha@gmail.com', '13BEC0454'),
(7469, '15BME0651', 'S. PRANAV KUMAR', 1060, 1, 100, '2015-08-05', '09:47:18', 'cash', '9444362780', 'spranav.kumar2015@vit.ac.in', '13BEC0240'),
(7470, '15BEC0288', 'KOTAPALLI ANKITH REDDY', 1157, 1, 100, '2015-08-05', '09:48:02', 'cash', '8056922398', 'ankith10reddy@gmail.com', '13BBT0058'),
(7471, '15BME0432', 'VIGNESHWAR.V', 1060, 1, 100, '2015-08-05', '09:49:24', 'cash', '9941930330', 'vicky.venky@gmail.com', '13BEC0240'),
(7475, '15BCE0416', 'DIYANSH UPMAN', 1172, 1, 50, '2015-08-05', '09:51:35', 'cash', '9929152888', 'divyanshupman@gmail.com', '13BEC0396'),
(7476, '15BCE0416', 'DIYANSH UPMAN', 1122, 1, 50, '2015-08-05', '09:51:35', 'cash', '9929152888', 'divyanshupman@gmail.com', '13BEC0396'),
(7477, '15BCE0416', 'DIYANSH UPMAN', 1049, 1, 50, '2015-08-05', '09:51:35', 'cash', '9929152888', 'divyanshupman@gmail.com', '13BEC0396'),
(7478, '15BCH0001', 'VIRAJ PHATAR PHOD', 1060, 1, 100, '2015-08-05', '09:51:46', 'cash', '9790545399', 'virajroyals@gmail.com', '13BEC0183'),
(7479, '15BEC0334', 'ASHWIN CHIDAMBARAM', 1060, 1, 100, '2015-08-05', '09:51:48', 'cash', '9841644273', 'ashwin.chidambaram2015@vit.ac.in', '13BEC0240'),
(7480, '15BCE0655', 'YASHARTH SHARMA', 1011, 1, 200, '2015-08-05', '09:52:59', 'cash', '7839041835', 'yasharthsharma@gmail.com', '13BEC0417'),
(7481, '15BCL0316', 'MOHAMMAD UZAIR', 1057, 1, 400, '2015-08-05', '09:54:22', 'cash', '9894485585', 'mohammad.uzair2015@vit.ac.in', '13BEC0454'),
(7482, '15BAM0021', 'KARTHI A', 1024, 1, 100, '2015-08-05', '09:54:48', 'cash', '8098735411', 'karthikarthik3@outlook.com', '13BCL0329'),
(7483, '15BEC0318', 'VARUN PRAKASH', 1065, 1, 100, '2015-08-05', '09:54:56', 'cash', '9003779833', 'varun.prakash2015@vit.ac.in', '13BPI0041'),
(7484, '15BME0825', 'Ishaan Kumar', 1124, 1, 50, '2015-08-05', '09:55:14', 'cash', '9003741906', 'ishaan.chd.ik@gmail.com', '13BCB0031'),
(7485, '15BCE0427', 'SUMEET BACHANI', 1172, 1, 50, '2015-08-05', '09:55:25', 'cash', '8860576475', 'sumeet.bachani2015@vit.ac.in', '13BEC0396'),
(7486, '15BEC0284', 'THOTA SRI HARI', 1047, 1, 300, '2015-08-05', '09:55:49', 'cash', '9700891989', 'thotasri.hari2015@vit.ac.in', '13BCE0280'),
(7487, '15BCL0309', 'AASHIL RAHMAN VALLANCHIRA', 1032, 1, 200, '2015-08-05', '09:58:59', 'cash', '9002725846', 'aashilrv@gmail.com', '13BEC0454'),
(7488, '13BEC0295', 'ponnathota sathwik', 1157, 1, 100, '2015-08-05', '09:59:11', 'cash', '9492540899', 'ponnathotasathwik9@gmail.com', '13BBT0058'),
(7489, '15BCH0091', 'VISHNU GOPA KUMAR', 1065, 1, 100, '2015-08-05', '09:59:18', 'cash', '9087026916', 'vishnu.gopakumar2015@vit.ac.in', '13BPI0041'),
(7490, '15BIT0297', 'shlok shah', 1006, 1, 150, '2015-08-05', '09:59:19', 'cash', '9003684886', 'shlokshah@ymail.com', '13MSE0320'),
(7491, '15BAM0040', 'R RAHUL', 1024, 1, 100, '2015-08-05', '09:59:52', 'cash', '8675350902', 'rahul_ravi14@icloud.com', '13BCL0329'),
(7492, '15BEC0764', 'UNNATI AGGARWAL', 1124, 1, 50, '2015-08-05', '09:59:55', 'cash', '9087026220', 'unnatiaggarwal13@gmail.com', '13BEC0396'),
(7493, '15BME0750', 'YASHODHAN SHEWALE', 1032, 1, 200, '2015-08-05', '10:00:26', 'cash', '9790641713', 'yashashewale1128@gmail.com', '13BEC0784'),
(7494, '15BME0894', 'JIGNESH BHAVSAR', 1011, 1, 200, '2015-08-05', '10:00:29', 'cash', '9578615214', 'jigneshbhavsar69@gmail.com', '13BEC0417'),
(7495, '15BME0444', 'NEELGOYAL', 1094, 1, 100, '2015-08-05', '10:00:42', 'cash', '9003695023', 'neelgoyal.2011@gmail.com', '13BEC0454'),
(7496, '15BEM0100', 'ZAWARE SAURABH SANJAY', 1060, 1, 100, '2015-08-05', '10:00:46', 'cash', '9790062292', 'saurabhzaware@yahoo.com', '13BEC0183'),
(7497, '15BEC0633', 'HEMANTH KUMAR', 1047, 1, 300, '2015-08-05', '10:00:47', 'cash', '9790067012', 'hemanthjpr2097@gmail.com', '13BCE0280'),
(7498, '15BEC0651', 'SHIVAM MEHTA', 1065, 1, 100, '2015-08-05', '10:00:48', 'cash', '8274996195', 'shivam.mehta28@gmail.com', '13BPI0041'),
(7499, '15MIS0208', 'pilladi tharak ram', 1163, 1, 50, '2015-08-05', '10:00:49', 'cash', '9494264126', 'tharakram222@gmail.com', '13BCB0031'),
(7500, '15BCL0325', 'DANISH KHAN', 1006, 1, 150, '2015-08-05', '10:01:19', 'cash', '9003673800', 'DANISHKHAN1705@YAHOO.COM', '13BCB0012'),
(7501, '15BEC0062', 'D LAKSHETHA', 1044, 1, 150, '2015-08-05', '10:01:26', 'cash', '7708127347', 'luckylakshi13@gmail.com', '13BCE0833'),
(7502, '15BCE0252', 'DAKSH MEHTA', 1182, 1, 100, '2015-08-05', '10:01:35', 'cash', '9991080769', 'daksh95@gmail.com', '13BBT0058'),
(7503, '15BME0309', 'DILIP KUMAR', 1068, 1, 100, '2015-08-05', '10:01:50', 'cash', '9751536051', 'reddydilip708@gmail.com', '13BEC0396'),
(7504, '15BAM0004', 'Ajay Kumar M', 1034, 1, 200, '2015-08-05', '10:03:20', 'cash', '9841581265', 'ajaykumar0mak@gmail.com', '13BCE0786'),
(7505, '15BAM0004', 'Ajay Kumar M', 1024, 1, 100, '2015-08-05', '10:03:20', 'cash', '9841581265', 'ajaykumar0mak@gmail.com', '13BCE0786'),
(7506, '15BEM0076', 'SHANTANU SHRIRAM DATAR', 1028, 1, 600, '2015-08-05', '10:03:38', 'cash', '9003775842', 'shantanudatar17@gmail.com', '13BCL0329'),
(7507, '15BEM0076', 'SHANTANU SHRIRAM DATAR', 1049, 1, 50, '2015-08-05', '10:03:38', 'cash', '9003775842', 'shantanudatar17@gmail.com', '13BCL0329'),
(7508, '15BEC0191', 'DHEERAJ REDDY', 1047, 1, 300, '2015-08-05', '10:03:55', 'cash', '9003757483', 'dheerajreddykanaparthy397@gmail.com', '13BCE0280'),
(7509, '15BEC0680', 'KARTHIGHA PACHAIAMMAL', 1044, 1, 150, '2015-08-05', '10:05:09', 'cash', '8056702704', 'karthigha8056@gmail.com', '13BCE0833'),
(7510, '15BME0442', 'DEVANSH BANSAL', 1094, 1, 100, '2015-08-05', '10:05:15', 'cash', '9790055634', 'bansaldevansh333@gmail.com', '13BEC0454'),
(7511, '15BCL0325', 'DANISH KHAN', 1011, 1, 200, '2015-08-05', '10:05:26', 'cash', '9003673800', 'danishkhan1705@yahoo.com', '13BCB0012'),
(7512, '15BCE0272', 'VARUNTIWARI', 1060, 1, 100, '2015-08-05', '10:05:39', 'cash', '9585419455', 'vtiwari56@gmail.com', '13BEC0183'),
(7513, '15BEM0078', 'SIDDHANTH SHETTY', 1028, 1, 600, '2015-08-05', '10:05:43', 'cash', '9920936822', 'shettysiddhanth4@gmail.com', '13BCL0329'),
(7514, '15BEM0078', 'SIDDHANTH SHETTY', 1049, 1, 50, '2015-08-05', '10:05:43', 'cash', '9920936822', 'shettysiddhanth4@gmail.com', '13BCL0329'),
(7515, '15BCL0421', 'HITESH RAJAN', 1013, 1, 150, '2015-08-05', '10:06:02', 'cash', '9801284356', 'hiteshrajan.vidhyarthi2015@vit.ac.in', '13MSE0358'),
(7516, '15BBT0030', 'MARIA SMITI', 1161, 1, 50, '2015-08-05', '10:07:35', 'cash', '9597204305', 'smiti.smiley@gmail.com', '13BEC0396'),
(7517, '15BME0865', 'NIKHIL GUPTA', 1011, 1, 200, '2015-08-05', '10:07:37', 'cash', '8144913388', 'nikhilgupta98@yahoo.com', '13BEC0417'),
(7518, '15BME0767', 'AJAIT SUKAMAR', 1127, 1, 150, '2015-08-05', '10:07:56', 'cash', '9585398098', 'sukumar.ajith98@gmail.com', '13BEC0240'),
(7519, '15BME0767', 'AJAIT SUKAMAR', 1124, 1, 50, '2015-08-05', '10:07:56', 'cash', '9585398098', 'sukumar.ajith98@gmail.com', '13BEC0240'),
(7520, '15MIS0185', 'Nelaturi Ramakrishna Reddy', 1163, 1, 50, '2015-08-05', '10:09:36', 'cash', '9087023426', 'ramakrishnareddy8554@gmail.com', '13BCB0031'),
(7521, '15BEC0471', 'TANYA BANSAL', 1011, 1, 200, '2015-08-05', '10:09:36', 'cash', '9003727719', 'tanyabansal19@gmail.com', '13BCL0329'),
(7522, '15BEC0471', 'TANYA BANSAL', 1124, 1, 50, '2015-08-05', '10:09:36', 'cash', '9003727719', 'tanyabansal19@gmail.com', '13BCL0329'),
(7523, '15BEC0471', 'TANYA BANSAL', 1047, 1, 300, '2015-08-05', '10:09:36', 'cash', '9003727719', 'tanyabansal19@gmail.com', '13BCL0329'),
(7524, '15bce0390', 'jatin patwa', 1104, 1, 100, '2015-08-05', '10:09:52', 'cash', '9790086674', 'jatin.patwa2015@vit.ac.in', '13MSE0320'),
(7525, '15bce0390', 'jatin patwa', 1108, 1, 50, '2015-08-05', '10:09:52', 'cash', '9790086674', 'jatin.patwa2015@vit.ac.in', '13MSE0320'),
(7526, '15bce0390', 'jatin patwa', 1121, 1, 50, '2015-08-05', '10:09:52', 'cash', '9790086674', 'jatin.patwa2015@vit.ac.in', '13MSE0320'),
(7527, '14BME0182', 'BHAMARE DARSHAN ARJUN', 1006, 1, 150, '2015-08-05', '10:11:09', 'cash', '7038005503', 'ab.akshay123@gmail.com', '13BEC0784'),
(7528, '15BEM0110', 'ADITYA KANPUR', 1142, 1, 50, '2015-08-05', '10:13:13', 'cash', '9578606278', 'aditya_kanpur89@yahoo.com', '13MSE0320'),
(7529, '15BEM0110', 'ADITYA KANPUR', 1111, 1, 50, '2015-08-05', '10:13:13', 'cash', '9578606278', 'aditya_kanpur89@yahoo.com', '13MSE0320'),
(7530, '15BME2061', 'SIDDHARTH SINGH', 1011, 1, 200, '2015-08-05', '10:14:11', 'cash', '9003711038', 'technoholic98@gmail.com', '13BEC0454'),
(7531, '15BEC0083', 'ANUBHAV KALIA', 1124, 1, 50, '2015-08-05', '10:14:17', 'cash', '9003722679', 'anubhavkalia7@gmail.com', '13BCL0329'),
(7532, '15BEC0270', 'PARTH P NAIR', 1121, 1, 50, '2015-08-05', '10:14:24', 'cash', '9003771714', 'parthnair73@gmail.com', '13BCE0833'),
(7533, '15BEM0061', 'HARSH SHAH', 1172, 1, 50, '2015-08-05', '10:14:52', 'cash', '9790002647', 'harsh.shah2015@vit.ac.in', '13BCB0012'),
(7534, '15BCE0360', 'SHUBHAM KANPUR', 1111, 1, 50, '2015-08-05', '10:15:24', 'cash', '9790538548', 'shubhamparthfastfurious@gmail.com', '13MSE0320'),
(7535, '15BCE0360', 'SHUBHAM KANPUR', 1142, 1, 50, '2015-08-05', '10:15:24', 'cash', '9790538548', 'shubhamparthfastfurious@gmail.com', '13MSE0320'),
(7536, '15BCE0319', 'MANAN BARJATYA', 1172, 1, 50, '2015-08-05', '10:17:21', 'cash', '9790078759', 'manan.barjatya2015@vit.ac.in', '13BCB0012'),
(7537, '15BCE0349', 'DHANUSH SAMDARIA ', 1142, 1, 50, '2015-08-05', '10:17:22', 'cash', '9611358806', 'dhanushsamdaria.m2015@vit.ac.in', '13MSE0320'),
(7538, '15BCE0349', 'DHANUSH SAMDARIA ', 1111, 1, 50, '2015-08-05', '10:17:22', 'cash', '9611358806', 'dhanushsamdaria.m2015@vit.ac.in', '13MSE0320'),
(7539, '15BEC0116', 'HRITIK GOYAL', 1124, 1, 50, '2015-08-05', '10:18:03', 'cash', '9585334782', 'goyalhritik49@gmail.com', '13BCL0329'),
(7540, '15BBT0034', 'RITHIKA RAMESH', 1161, 1, 50, '2015-08-05', '10:18:11', 'cash', '8939945994', 'rithika1@hotmail.com', '13BEC0396'),
(7541, '15BIT0269', 'YASH TYAGI', 1032, 1, 200, '2015-08-05', '10:18:27', 'cash', '9790089607', 'yashtyagi04@gmail.com', '13BEC0454'),
(7542, '15BCE0200', 'ASHISH GOEL', 1172, 1, 50, '2015-08-05', '10:18:44', 'cash', '9790078759', 'ashish.goel2015@vit.ac.in', '13BCB0012'),
(7543, '15BAM0004', 'Ajay Kumar M', 1152, 1, 100, '2015-08-05', '10:18:47', 'cash', '9841581265', 'ajaykumar0mak@gmail.com', '13BCE0786'),
(7544, '15BEC0448', 'SHUBHAM SINGH', 1121, 1, 50, '2015-08-05', '10:18:48', 'cash', '9003798811', 'singh.shubham1610@gmail.com', '13BCE0833'),
(7545, '14BME0159', 'SHAH AASHAY', 1006, 1, 150, '2015-08-05', '10:18:57', 'cash', '9843898884', 'aashay.s44@gmail.com', '13BEC0784'),
(7546, '15BME0612', 'JHUNJHUNWALA TANMAY CHANDRASHEKAR', 1032, 1, 200, '2015-08-05', '10:19:36', 'cash', '9790038554', '179tanmay@gmail.com', '13MSE0320'),
(7547, '15BEC0505', 'RAMKISHORE TRIPATHI', 1053, 1, 500, '2015-08-05', '10:20:35', 'cash', '9003737733', 'ram.rounak27@gmail.com', '13BEC0183'),
(7548, '15BMA0054', 'ANKIT GHOSH', 1060, 1, 100, '2015-08-05', '10:20:55', 'cash', '9585582066', 'ghoshankit.14@gmail.com', '13BEC0454'),
(7549, '15BEC0064', 'PRATEEK GANGWAR', 1124, 1, 50, '2015-08-05', '10:21:06', 'cash', '9585603585', 'prateek.gangwar2015@vit.ac.in', '13BCL0329'),
(7550, '15MIS0120', 'SANTHIM NAHAR', 1047, 1, 300, '2015-08-05', '10:21:07', 'cash', '9600048800', 'santhimnayar@gmail.com', '13MSE0320'),
(7551, '15BME0740', 'HARSHIT GUPTA', 1032, 1, 200, '2015-08-05', '10:22:19', 'cash', '9923450276', 'hgupta2912@gmail.com', '13MSE0320'),
(7552, '15BME2061', 'SIDDHARTH SINGH', 1006, 1, 150, '2015-08-05', '10:22:26', 'cash', '9003711038', 'technoholic98@gmail.com', '13BCB0012'),
(7553, '14BME0169', 'TANMAY DWIVEDI', 1006, 1, 150, '2015-08-05', '10:22:34', 'cash', '8220363416', 'tdave224@gmail.com', '13BEC0784'),
(7554, '15BMA0049', 'CHANDER UDAY', 1060, 1, 100, '2015-08-05', '10:22:35', 'cash', '8056815324', 'udhaysingh44@gmail.com', '13BEC0454'),
(7555, '15BEC0280', 'AMAN KUMAR', 1121, 1, 50, '2015-08-05', '10:22:44', 'cash', '7042060870', 'aman95kumar@gmail.com', '13BCE0833'),
(7556, '15BEM0110', 'Aditya Kapoor', 1117, 1, 50, '2015-08-05', '10:23:04', 'cash', '9578606278', 'aditya_kapoor89@yahoo.com', '13BCB0031'),
(7557, '15BCE0170', 'MRIDUL AGRAWAL', 1004, 1, 200, '2015-08-05', '10:23:28', 'cash', '9003819418', 'agrawalmridul10@gmail.com', '13BPI0041'),
(7558, '15BCE0170', 'MRIDUL AGRAWAL', 1006, 1, 150, '2015-08-05', '10:23:28', 'cash', '9003819418', 'agrawalmridul10@gmail.com', '13BPI0041'),
(7559, '15BCE0170', 'MRIDUL AGRAWAL', 1049, 1, 50, '2015-08-05', '10:23:28', 'cash', '9003819418', 'agrawalmridul10@gmail.com', '13BPI0041'),
(7560, '15BCE0170', 'MRIDUL AGRAWAL', 1124, 1, 50, '2015-08-05', '10:23:28', 'cash', '9003819418', 'agrawalmridul10@gmail.com', '13BPI0041'),
(7561, '15BCE0170', 'MRIDUL AGRAWAL', 1172, 1, 50, '2015-08-05', '10:23:28', 'cash', '9003819418', 'agrawalmridul10@gmail.com', '13BPI0041'),
(7562, '15BCE0170', 'MRIDUL AGRAWAL', 1038, 1, 1000, '2015-08-05', '10:23:28', 'cash', '9003819418', 'agrawalmridul10@gmail.com', '13BPI0041'),
(7563, '15BEE0230', 'MAYANK SENAPATI', 1024, 1, 100, '2015-08-05', '10:23:46', 'cash', '9003755507', 'mkxx1997@gmail.com', '13MSE0358'),
(7564, '15BEE0230', 'MAYANK SENAPATI', 1047, 1, 300, '2015-08-05', '10:23:46', 'cash', '9003755507', 'mkxx1997@gmail.com', '13MSE0358'),
(7565, '15BIT0045', 'SHREYAJ KUMAR', 1074, 1, 50, '2015-08-05', '10:23:55', 'cash', '9790071478', 'justshreyaj@gmail.com', '13BCH0018'),
(7566, '15BIT0045', 'SHREYAJ KUMAR', 1117, 1, 50, '2015-08-05', '10:23:55', 'cash', '9790071478', 'justshreyaj@gmail.com', '13BCH0018'),
(7567, '15BMA0043', 'NAYANIKA', 1060, 1, 100, '2015-08-05', '10:24:01', 'cash', '8428305160', 'nayanikabopanna@gmail.com', '13BEC0454'),
(7568, '14BME0039', 'DEVDHAR KODIATAR', 1006, 1, 150, '2015-08-05', '10:24:23', 'cash', '9994416169', 'devdhar.kodiatar@yahoo.com', '13BEC0784'),
(7569, '15BME2068', 'HIMANSHU AGRAWAL', 1006, 1, 150, '2015-08-05', '10:24:36', 'cash', '9790034813', 'himanshu.agrawal2015@vit.ac.in', '13BCB0012'),
(7570, '15BME0376', 'DESHPRABHU RAJENDRA VASUDEO', 1182, 1, 100, '2015-08-05', '10:24:54', 'cash', '8698978897', 'higgsboson08@gmail.com', '13MSE0320'),
(7571, '15BCE0140', 'AKSHEM MALIK', 1044, 1, 150, '2015-08-05', '10:25:26', 'cash', '9790070118', 'akmalik.malik876@gmail.com', '13BBT0058'),
(7572, '15BCE0140', 'AKSHEM MALIK', 1172, 1, 50, '2015-08-05', '10:25:26', 'cash', '9790070118', 'akmalik.malik876@gmail.com', '13BBT0058'),
(7573, '15BCE0140', 'AKSHEM MALIK', 1011, 1, 200, '2015-08-05', '10:25:26', 'cash', '9790070118', 'akmalik.malik876@gmail.com', '13BBT0058'),
(7631, '15BEC0014', 'Y DINESH', 1047, 1, 300, '2015-08-05', '10:26:49', 'cash', '7871233908', 'dineshitendulkar@gmail.com', '13MSE0320'),
(7632, '15BME0945', 'AMAN ARORA', 1011, 1, 200, '2015-08-05', '10:26:57', 'cash', '9790084140', 'aamanarora2296@gmail.com', '13BEC0417'),
(7633, '15BMA0026', 'ROHIT AGGARWAL', 1038, 1, 1000, '2015-08-05', '10:26:59', 'cash', '8807058869', 'rohit.aggarwal2015@vit.ac.in', '13BEC0396'),
(7634, '15BCE0349', 'DHANESH SAMDARIA M', 1074, 1, 50, '2015-08-05', '10:27:09', 'cash', '9611358806', 'dhanushsamdaria.m2015@vit.ac.in', '13BCH0018'),
(7635, '15BCE0349', 'DHANESH SAMDARIA M', 1117, 1, 50, '2015-08-05', '10:27:09', 'cash', '9611358806', 'dhanushsamdaria.m2015@vit.ac.in', '13BCH0018'),
(7636, '15BMA0055', 'PRAGYA', 1060, 1, 100, '2015-08-05', '10:27:14', 'cash', '8989940226', 'pragyashrivastav86@yahoo.com', '13BEC0454'),
(7637, '15BEE0003', 'Aditya Sood', 1117, 1, 50, '2015-08-05', '10:27:15', 'cash', '9003779564', 'adityasood3697@gmail.com', '13BCB0031'),
(7638, '15BEE0003', 'Aditya Sood', 1111, 1, 50, '2015-08-05', '10:27:15', 'cash', '9003779564', 'adityasood3697@gmail.com', '13BCB0031'),
(7639, '15BEE0003', 'Aditya Sood', 1148, 1, 50, '2015-08-05', '10:27:15', 'cash', '9003779564', 'adityasood3697@gmail.com', '13BCB0031'),
(7640, '15BME0150', 'AKASH R', 1068, 1, 100, '2015-08-05', '10:27:17', 'cash', '9751536051', 'reddydilip708@gmail.com', '13BCL0329'),
(7641, '15BME0751', 'ELDHO VARGHESE', 1126, 1, 100, '2015-08-05', '10:27:40', 'cash', '9769246638', 'eldovarghese97@gmail.com', '13BEC0240'),
(7642, '15BME0751', 'ELDHO VARGHESE', 1094, 1, 100, '2015-08-05', '10:27:40', 'cash', '9769246638', 'eldovarghese97@gmail.com', '13BEC0240'),
(7643, '15BME0751', 'ELDHO VARGHESE', 1146, 1, 50, '2015-08-05', '10:27:40', 'cash', '9769246638', 'eldovarghese97@gmail.com', '13BEC0240'),
(7644, '15BME0751', 'ELDHO VARGHESE', 1011, 1, 200, '2015-08-05', '10:27:40', 'cash', '9769246638', 'eldovarghese97@gmail.com', '13BEC0240'),
(7645, '15MSI0173', 'SRIRAM K', 1124, 1, 50, '2015-08-05', '10:27:40', 'cash', '9444321961', '97sriram@gmail.com', '13BPI0041'),
(7646, '15MIS0043', 'AVINASH BEHERA', 1047, 1, 300, '2015-08-05', '10:27:46', 'cash', '9790646341', 'avinashlos999@gmail.com', '13BCE0280'),
(7647, '15BEM0090', 'MOIDEEN SHARIQ', 1157, 1, 100, '2015-08-05', '10:28:12', 'cash', '8508690720', 'moideen.shariq@gmail.com', '13BCE0833'),
(7648, '15BCL0073', 'Karan Singla', 1124, 1, 50, '2015-08-05', '10:28:13', 'cash', '9003853034', 'karansingla4@gmail.com', '13BCE0786'),
(7649, '15BCL0073', 'Karan Singla', 1011, 1, 200, '2015-08-05', '10:28:13', 'cash', '9003853034', 'karansingla4@gmail.com', '13BCE0786'),
(7650, '15BCL0073', 'Karan Singla', 1172, 1, 50, '2015-08-05', '10:28:13', 'cash', '9003853034', 'karansingla4@gmail.com', '13BCE0786'),
(7651, '15BCL0073', 'Karan Singla', 1047, 1, 300, '2015-08-05', '10:28:13', 'cash', '9003853034', 'karansingla4@gmail.com', '13BCE0786'),
(7652, '15BME0764', 'KUNAL AGGARWAL', 1148, 1, 50, '2015-08-05', '10:28:16', 'cash', '9790078335', 'kunal19967@gmail.com', '13BCB0012'),
(7653, '15BCE0403', 'Dhanur Suluja ', 1047, 1, 300, '2015-08-05', '10:28:27', 'cash', '9585431237', 'dhanur12s@gmail.com', '13BCE0786'),
(7654, '15BME0553', 'ASHWARYA ANUPAM', 1038, 1, 1000, '2015-08-05', '10:28:28', 'cash', '9790099121', 'ashwarya.anupam2015@vit.ac.in', '13BEC0396'),
(7655, '15BMA0052', 'VIBHUTI', 1060, 1, 100, '2015-08-05', '10:28:35', 'cash', '9769947284', 'vibhuti0312@gmail.com', '13BEC0454'),
(7656, '15BEC0009', 'Pratyush Goel', 1017, 1, 450, '2015-08-05', '10:28:50', 'cash', '9942390660', 'pgoel1020@gmail.com', '13BCB0031'),
(7657, '15BME0875', 'ANSHUL AGARWAL', 1011, 1, 200, '2015-08-05', '10:28:52', 'cash', '9003741082', 'talkqwerty@gmail.com', '13BEC0417'),
(7658, '15BCE0360', 'SHUBHAM PARTH', 1117, 1, 50, '2015-08-05', '10:28:55', 'cash', '9790538548', 'shubhamparthfastfurious@gmail.com', '13BCH0018'),
(7659, '15BIT0231', 'AMAN SAXENA', 1028, 1, 600, '2015-08-05', '10:29:33', 'cash', '9585448166', 'amansxn15@gmail.com', '13BEC0183'),
(7660, '15BIT0231', 'AMAN SAXENA', 1044, 1, 150, '2015-08-05', '10:29:33', 'cash', '9585448166', 'amansxn15@gmail.com', '13BEC0183'),
(7661, '15BME0271', 'SAHIL MADHAV', 1032, 1, 200, '2015-08-05', '10:29:55', 'cash', '9790096920', 'sahil.madhav2015@vit.ac.in', '13BCL0329'),
(7662, '15BCE0313', 'Parth Bhardwaj', 1124, 1, 50, '2015-08-05', '10:29:56', 'cash', '9790636538', 'parth647@gmail.com', '13BCE0786'),
(7663, '15BCE0313', 'Parth Bhardwaj', 1047, 1, 300, '2015-08-05', '10:29:56', 'cash', '9790636538', 'parth647@gmail.com', '13BCE0786'),
(7664, '15BME0271', 'SALIL MADHAV', 1038, 1, 1000, '2015-08-05', '10:29:57', 'cash', '9790096920', 'salil.madhav2015@vit.ac.in', '13BEC0396'),
(7665, '15BMA0031', 'DANI PRIYANKA', 1060, 1, 100, '2015-08-05', '10:30:07', 'cash', '9585315850', 'danipriyanka.abhijit2015@vit.ac.in', '13BEC0454'),
(7666, '15BCE0360', 'SHUBHAM PARTH', 1148, 1, 50, '2015-08-05', '10:30:09', 'cash', '9790538548', 'shubhamparthfastfurious@gmail.com', '13BCE0833'),
(7667, '15BME0566', 'SURYANSH SINGH', 1094, 1, 100, '2015-08-05', '10:30:17', 'cash', '9839666636', 'suryansh_1995@yahoo.co.in', '13BEC0240'),
(7668, '15BME0566', 'SURYANSH SINGH', 1146, 1, 50, '2015-08-05', '10:30:17', 'cash', '9839666636', 'suryansh_1995@yahoo.co.in', '13BEC0240'),
(7669, '15BME0566', 'SURYANSH SINGH', 1011, 1, 200, '2015-08-05', '10:30:17', 'cash', '9839666636', 'suryansh_1995@yahoo.co.in', '13BEC0240'),
(7670, '15BME0566', 'SURYANSH SINGH', 1126, 1, 100, '2015-08-05', '10:30:17', 'cash', '9839666636', 'suryansh_1995@yahoo.co.in', '13BEC0240'),
(7671, '15BIT0076', 'MANAY KEDIA', 1117, 1, 50, '2015-08-05', '10:30:41', 'cash', '9717663609', 'kediam97@gmail.com', '13BCH0018'),
(7672, '15BME0258', 'NAVEEN KUMAR GANTA', 1094, 1, 100, '2015-08-05', '10:31:22', 'cash', '9790546775', 'kumarnaveennavy10@gmail.com', '13BEC0240'),
(7673, '15BME0553', 'ASHWARYA ANUPAM', 1032, 1, 200, '2015-08-05', '10:31:26', 'cash', '9790099121', 'ashwarya.anupam2015@vit.ac.in', '13BCL0329'),
(7674, '15BEC0083', 'ANUBHAV KALIA', 1011, 1, 200, '2015-08-05', '10:31:51', 'cash', '9003722679', 'anubhavkalia17@gmail.com', '13BEC0417'),
(7675, '15BEM0110', 'ADITYA KAPUR', 1148, 1, 50, '2015-08-05', '10:31:58', 'cash', '9598606278', 'aditya_kapoor89@yahoo.com', '13BCE0833'),
(7676, '15BCE0208', 'VIBHAV GUPTA', 1017, 1, 450, '2015-08-05', '10:31:59', 'cash', '8591955556', 'vaibhav56.2010@gmail.com', '13MSE0358'),
(7677, '15BCE0208', 'VIBHAV GUPTA', 1124, 1, 50, '2015-08-05', '10:31:59', 'cash', '8591955556', 'vaibhav56.2010@gmail.com', '13MSE0358'),
(7678, '15BEC0665', 'Navneet Choudhary', 1124, 1, 50, '2015-08-05', '10:32:10', 'cash', '9003750484', 'navneet_c9@yahoo.co.in', '13BCE0786'),
(7679, '15BIT0233', 'NISHANT MEHTA', 1028, 1, 600, '2015-08-05', '10:32:17', 'cash', '9003667751', 'nishummehta1997@gmail.com', '13BEC0183'),
(7680, '15BIT0233', 'NISHANT MEHTA', 1044, 1, 150, '2015-08-05', '10:32:17', 'cash', '9003667751', 'nishummehta1997@gmail.com', '13BEC0183'),
(7681, '15BCL0245', 'DAKSH KUMAR', 1060, 1, 100, '2015-08-05', '10:32:19', 'cash', '9003737403', 'daksh.bainsla@gmail.com', '13MSE0320'),
(7682, '15BME0958', 'VISHNU VARDHAN REDDY', 1094, 1, 100, '2015-08-05', '10:32:25', 'cash', '9790049389', 'kvvr97@gmail.com', '13BEC0240'),
(7683, '15BMA0045', 'HARI KUMAR ADITYA', 1032, 1, 200, '2015-08-05', '10:33:48', 'cash', '9585586569', 'hariaditya@live.in', '13MSE0320'),
(7684, '15BCL0237', 'ANMOL RAJ', 1148, 1, 50, '2015-08-05', '10:34:17', 'cash', '9585420473', 'rajanmol1996@gmail.com', '13BEC0454'),
(7685, '15BCL0237', 'ANMOL RAJ', 1047, 1, 300, '2015-08-05', '10:34:17', 'cash', '9585420473', 'rajanmol1996@gmail.com', '13BEC0454'),
(7686, '15BCH0042', 'SHASHANK SADANAND AMIN', 1081, 1, 100, '2015-08-05', '10:35:44', 'cash', '9585375877', 'shashanksadanand.amin2015@vit.ac.in', '13BBT0058'),
(7687, '15BCL0412', 'KATEBE KASHIYA', 1127, 1, 150, '2015-08-05', '10:35:58', 'cash', '8056922452', 'kkashiya@gmail.com', '13BEC0396'),
(7688, '15BEC0087', 'SHASHWAT', 1148, 1, 50, '2015-08-05', '10:37:01', 'cash', '9003762528', 'shashwatsharma528@gmail.com', '13BEC0240'),
(7689, '15BEC0087', 'SHASHWAT', 1093, 1, 75, '2015-08-05', '10:37:01', 'cash', '9003762528', 'shashwatsharma528@gmail.com', '13BEC0240'),
(7690, '15BCE0403', 'Dhanur Suluja', 1124, 1, 50, '2015-08-05', '10:37:16', 'cash', '9585431237', 'dhanur12s@gmail.com', '13BCE0786'),
(7691, '15BEM0043', 'RUDRANSHU SHEKHAR BHATTACHARYA', 1057, 1, 400, '2015-08-05', '10:37:20', 'cash', '9790544417', 'rudranshu18@gmail.com', '13BEC0454'),
(7692, '15BIT0076', 'MANAN KEDIA', 1007, 1, 150, '2015-08-05', '10:37:31', 'cash', '9717663609', 'kediam97@gmail.com', '13BCE0833'),
(7693, '15BIT0076', 'MANAN KEDIA', 1125, 1, 50, '2015-08-05', '10:37:31', 'cash', '9717663609', 'kediam97@gmail.com', '13BCE0833'),
(7694, '15BIT0076', 'MANAN KEDIA', 1111, 1, 50, '2015-08-05', '10:37:31', 'cash', '9717663609', 'kediam97@gmail.com', '13BCE0833'),
(7695, '15BIT0076', 'MANAN KEDIA', 1148, 1, 50, '2015-08-05', '10:37:31', 'cash', '9717663609', 'kediam97@gmail.com', '13BCE0833'),
(7696, '15BEC0446', 'AARAV BHATIA', 1016, 1, 100, '2015-08-05', '10:37:32', 'cash', '9367524637', 'aaravbhatia98@gmail.com', '13BEC0183'),
(7697, '15BME0649', 'HARDIK BHAYANA', 1127, 1, 150, '2015-08-05', '10:39:11', 'cash', '8800573955', 'hardik.bhayan@yahoo.com', '13BCL0329'),
(7698, '15BME0649', 'HARDIK BHAYANA', 1125, 1, 50, '2015-08-05', '10:39:11', 'cash', '8800573955', 'hardik.bhayan@yahoo.com', '13BCL0329'),
(7699, '15BME0649', 'HARDIK BHAYANA', 1122, 1, 50, '2015-08-05', '10:39:11', 'cash', '8800573955', 'hardik.bhayan@yahoo.com', '13BCL0329'),
(7700, '15BEC0239', 'HARSHIT', 1049, 1, 50, '2015-08-05', '10:39:24', 'cash', '9903106446', 'i_harshit_cool@yahoo.com', '13BEC0240'),
(7701, '15BEC0149', 'AYUSH KHANNA', 1007, 1, 150, '2015-08-05', '10:39:24', 'cash', '7259269924', 'ayush6khanna@gmail.com', '13MSE0320'),
(7702, '15BPI0055', 'AAYUSH', 1013, 1, 150, '2015-08-05', '10:39:27', 'cash', '9871900238', 'aayush.kamboj98@gmail.com', '13BCE0280'),
(7703, '15BEC0072', 'PRATIBHA BALAJI', 1013, 1, 150, '2015-08-05', '10:42:08', 'cash', '9884586196', 'balajipratibha@gmail.com', '13MSE0320'),
(7704, '15BEC0720', 'ABHIMANYU SING', 1017, 1, 450, '2015-08-05', '10:42:13', 'cash', '9003752930', 'abhimanyusingh.rajwat2015@vit.ac.in', '13MSE0358'),
(7705, '15BEC0665', 'NAVNEET CHOUDHURY', 1011, 1, 200, '2015-08-05', '10:43:28', 'cash', '9003750484', 'navneet_c9@yahoo.in', '13BEC0417'),
(7706, '15BEM0137', 'BILTON JOSEPH VITUS', 1010, 1, 50, '2015-08-05', '10:43:36', 'cash', '9585353055', 'billton.vitus007@gmail.com', '13BEC0396'),
(7707, '15BME0708', 'TERESA SABU', 1013, 1, 150, '2015-08-05', '10:43:48', 'cash', '9629139861', 'teresa.sabu@gmail.com', '13MSE0320'),
(7708, '15BME0239', 'HARSHIT', 1093, 1, 75, '2015-08-05', '10:43:53', 'cash', '9903106446', 'i_harshit_cool@yahoo.com', '13BEC0240'),
(7709, '15BCL0074', 'INISH', 1013, 1, 150, '2015-08-05', '10:44:14', 'cash', '9942391546', 'inishmishra12345@gmail.com', '13BCE0398'),
(7710, '15BME0139', 'CHANDERPAL SINGH', 1135, 1, 50, '2015-08-05', '10:44:16', 'cash', '9585476471', 'chanderpalrocks7@gmail.com', '13BCE0280'),
(7711, '15BMA0095', 'HARI KUMAR ADITYA', 1017, 1, 450, '2015-08-05', '10:44:18', 'cash', '9585386569', 'hariaditya@live.in', '13BEC0784'),
(7712, '15BCE0313', 'PARTH BHARDWAJ', 1011, 1, 200, '2015-08-05', '10:44:50', 'cash', '9790636538', 'parth647@gmail.com', '13BEC0417'),
(7713, '13BCH0084', 'AYUSH KHANDELWAL', 1081, 1, 100, '2015-08-05', '10:44:55', 'cash', '7871232150', 'ayush.khandelwal2015@vit.ac.in', '13BBT0058'),
(7714, '15BCE0320', 'Kumar Saurav', 1047, 1, 300, '2015-08-05', '10:44:59', 'cash', '7205908171', 'handsomesourav439@gmail.com', '13BCB0031'),
(7715, '15BEC0014', 'DINESH', 1049, 1, 50, '2015-08-05', '10:45:38', 'cash', '7871233908', 'dineshitendulkar@gmail.com', '13BEC0240'),
(7716, '15BEC0388', 'VISHAL DAS', 1042, 4, 2400, '2015-08-05', '10:45:39', 'cash', '9003665325', 'bikram.das111994@gmail.com', '13BEC0454'),
(7717, '15BME0103', 'SHORYA', 1013, 1, 150, '2015-08-05', '10:46:17', 'cash', '9585395112', 'a.shorya9@gmail.com', '13BCE0398'),
(7718, '15BME0649', 'HARDIK BHAYANA', 1013, 1, 150, '2015-08-05', '10:46:20', 'cash', '8800573955', 'hardik.bhayana@yahoo.com', '13BCL0329'),
(7719, '15BME0649', 'HARDIK BHAYANA', 1172, 1, 50, '2015-08-05', '10:46:20', 'cash', '8800573955', 'hardik.bhayana@yahoo.com', '13BCL0329'),
(7720, '15BME0649', 'HARDIK BHAYANA', 1135, 1, 50, '2015-08-05', '10:46:20', 'cash', '8800573955', 'hardik.bhayana@yahoo.com', '13BCL0329'),
(7721, '15BME0649', 'HARDIK BHAYANA', 1148, 1, 50, '2015-08-05', '10:46:20', 'cash', '8800573955', 'hardik.bhayana@yahoo.com', '13BCL0329'),
(7722, '15BME2071', 'VIDHAN SONAR', 1060, 1, 100, '2015-08-05', '10:47:33', 'cash', '9827024195', 'vidhanr9661@gmail.com', '13MSE0320'),
(7723, '15BME2071', 'VIDHAN SONAR', 1011, 1, 200, '2015-08-05', '10:47:33', 'cash', '9827024195', 'vidhanr9661@gmail.com', '13MSE0320'),
(7724, '15BME2071', 'VIDHAN SONAR', 1127, 1, 150, '2015-08-05', '10:47:33', 'cash', '9827024195', 'vidhanr9661@gmail.com', '13MSE0320'),
(7725, '15BCH0093', 'BONNY GUL THAWANI', 1081, 1, 100, '2015-08-05', '10:47:36', 'cash', '9003742557', 'bonnygul.thawani2015@vit.ac.in', '13BBT0058'),
(7726, '15BME0275', 'GOSWAMI REGALBHARTHI', 1125, 1, 50, '2015-08-05', '10:47:51', 'cash', '9790036034', 'regalcompucare@gmail.com', '13BCE0833'),
(7727, '15BME0275', 'GOSWAMI REGALBHARTHI', 1124, 1, 50, '2015-08-05', '10:47:51', 'cash', '9790036034', 'regalcompucare@gmail.com', '13BCE0833'),
(7728, '15BME0275', 'GOSWAMI REGALBHARTHI', 1172, 1, 50, '2015-08-05', '10:47:51', 'cash', '9790036034', 'regalcompucare@gmail.com', '13BCE0833'),
(7729, '15BEC0230', 'GOVIND BAGLA', 1048, 1, 250, '2015-08-05', '10:47:53', 'cash', '7631135481', 'govindrocks1234@gmail.com', '13BEC0183'),
(7730, '15BEC0164', 'MAYANK LIJHARA', 1017, 1, 450, '2015-08-05', '10:49:02', 'cash', '9650131256', 'mayanklijhara@gmail.com', '13MSE0358'),
(7731, '15BME0503', 'Kardill Ajay', 1011, 1, 200, '2015-08-05', '10:50:29', 'cash', '9047272958', 'jtislr@sify.com', '13BCB0031'),
(7732, '15BEC0822', 'MADHUR GUPTA', 1071, 1, 100, '2015-08-05', '10:50:38', 'cash', '9942392322', 'madhu.gupta2015@vit.ac.in', '13BEC0454'),
(7733, '15BEC0822', 'MADHUR GUPTA', 1077, 1, 100, '2015-08-05', '10:50:38', 'cash', '9942392322', 'madhu.gupta2015@vit.ac.in', '13BEC0454'),
(7734, '15BEC0828', 'MOHIT', 1049, 1, 50, '2015-08-05', '10:50:41', 'cash', '9571646588', 'jain.mohit.161996@gmail.com', '13BEC0240'),
(7735, '15BEC0547', 'DIVYANSHU', 1013, 1, 150, '2015-08-05', '10:50:55', 'cash', '8450096888', 'ds.singhisking69@gmail.com', '13BCE0398'),
(7736, '15BPI0064', 'Snehav Sharma ', 1047, 1, 300, '2015-08-05', '10:50:57', 'cash', '9979009473', 'snehav99@gmail.com', '13BCE0786'),
(7737, '15BPI0064', 'Snehav Sharma ', 1011, 1, 200, '2015-08-05', '10:50:57', 'cash', '9979009473', 'snehav99@gmail.com', '13BCE0786'),
(7738, '15BPI0064', 'Snehav Sharma ', 1124, 1, 50, '2015-08-05', '10:50:57', 'cash', '9979009473', 'snehav99@gmail.com', '13BCE0786'),
(7739, '15BCE0325', 'AKANSHI SRIVASTAVA', 1047, 1, 300, '2015-08-05', '10:51:02', 'cash', '9585435370', 'akanshi32@gmail.com', '13BCH0018'),
(7740, '15BCH0062', 'VISHAL AGRAWAL', 1032, 1, 200, '2015-08-05', '10:51:13', 'cash', '8989946252', 'vishalagrawal8989@gmail.com', '13BBT0058'),
(7741, '15BCE0325', 'AKANSHI SRIVASTAVA', 1011, 1, 200, '2015-08-05', '10:51:26', 'cash', '9585435370', 'akanshi32@gmail.com', '13MSE0320'),
(7742, '15BCL0276', 'Prachi rana', 1124, 1, 50, '2015-08-05', '10:51:30', 'cash', '9610005993', 'pratz1234@yahoo.com', '13BCB0012'),
(7743, '15BCL0376', 'SAUMYA KESAWANI', 1060, 1, 100, '2015-08-05', '10:53:19', 'cash', '9920457918', 'saumyakeeswani13@gmail.com', '13MSE0358'),
(7744, '15BEM0016', 'ABHISHEK AGARWAL', 1094, 1, 100, '2015-08-05', '10:53:20', 'cash', '9790609125', 'abhishekagwl26@gmail.com', '13MSE0320'),
(7745, '14BCE0896', 'KARTHIK KRISHNAMOORTHY', 1014, 1, 100, '2015-08-05', '10:53:49', 'cash', '9944206311', 'kukar91296@gmail.com', '13BEC0396'),
(7746, '15BCL0281', 'NISHANT', 1148, 1, 50, '2015-08-05', '10:54:19', 'cash', '9790005190', 'nishantonkal@yahoo.in', '13BEC0240'),
(7747, '15BEM0042', 'SAURABH JAIN', 1094, 1, 100, '2015-08-05', '10:54:27', 'cash', '9585437874', 'srbh.jnll@gmail.com', '13MSE0320'),
(7748, '15BCL0219', 'AMAN', 1013, 1, 150, '2015-08-05', '10:55:12', 'cash', '9585600840', 'amansinhacooldude@gmail.com', '13BCE0398'),
(7749, '15BME0404', 'SHEJAL ABHISHEK SUMANTH', 1108, 1, 50, '2015-08-05', '10:55:16', 'cash', '9689517376', 'abhi9689517376@gmail.com', '13BBT0058'),
(7750, '15BME0499', 'NISHIT DALELA', 1038, 1, 1000, '2015-08-05', '10:55:18', 'cash', '9585423912', 'ndchintu047@gmail.com', '13BEC0396'),
(7751, '15BME0464', 'AYUSH GUPTA', 1135, 1, 50, '2015-08-05', '10:55:25', 'cash', '8989273756', 'ayush.gupta2015@vit.ac.in', '13BCE0280'),
(7752, '15BCL0292', 'DEEPANKAR ', 1148, 1, 50, '2015-08-05', '10:55:32', 'cash', '9473388595', 'deeoankarofficial2014@gmail.com', '13BEC0240'),
(7753, '15BME0316', 'DIVYANSHU', 1125, 1, 50, '2015-08-05', '10:55:42', 'cash', '9843630897', 'divyanshukumar08@gmail.com', '13BCE0833'),
(7754, '15BME0316', 'DIVYANSHU', 1172, 1, 50, '2015-08-05', '10:55:42', 'cash', '9843630897', 'divyanshukumar08@gmail.com', '13BCE0833'),
(7755, '15BCE0034', 'SHIVAM', 1013, 1, 150, '2015-08-05', '10:56:16', 'cash', '9790638300', 'shivamsingla0007@gmail.com', '13BCE0398'),
(7756, '15MAC0008', 'Nirmal Raja', 1092, 1, 50, '2015-08-05', '10:56:25', 'cash', '9486303654', 'nirmal17059@gmail.com', '13BCB0031'),
(7757, '15BCH0094', 'PATEL CHAHIL ILESH', 1094, 1, 100, '2015-08-05', '10:56:54', 'cash', '9585600273', 'chahil6764@gmail.com', '13MSE0320'),
(7758, '15BME0487', 'NIKHIL DIXIT', 1032, 1, 200, '2015-08-05', '10:57:02', 'cash', '9585600418', 'nikhildixitdausa@gmail.com', '13BEC0240'),
(7759, '15BME0487', 'NIKHIL DIXIT', 1049, 1, 50, '2015-08-05', '10:57:02', 'cash', '9585600418', 'nikhildixitdausa@gmail.com', '13BEC0240'),
(7760, '15BEE0252', 'KAUSHIK NARASIMHA', 1032, 1, 200, '2015-08-05', '10:57:03', 'cash', '9003756321', 'kaushik.bukkapatnam@gmail.com', '13BCE0280'),
(7761, '12BEC0245', 'R MUKUNDAN', 1164, 1, 50, '2015-08-05', '10:57:19', 'cash', '9750564641', 'rmuku94@gmail.com', '13BCE0833'),
(7762, '15BME0722', 'BHUPATIRAJAN HARSHITH', 1011, 1, 200, '2015-08-05', '10:57:19', 'cash', '8985293739', 'dilip.mannelo@gmail.com', '13BCL0329'),
(7763, '15BME0676', 'ROBHINI PHILIP', 1060, 1, 100, '2015-08-05', '10:58:02', 'cash', '7869744587', 'robhiniphilip05@gmail.com', '13MSE0358'),
(7764, '15BCE0766', 'SAGAR GOEL', 1119, 1, 100, '2015-08-05', '10:58:47', 'cash', '9873897464', 'sagargoel12@yahoo.in', '13BEC0417'),
(7765, '15BME0333', 'PRANAV K BAFNA', 1108, 1, 50, '2015-08-05', '10:58:51', 'cash', '9025199053', 'pranavk.bafna2015@vit.ac.in', '13BBT0058'),
(7766, '15BCH0016', 'UPADHYAY KASHYAP KAMLESH', 1094, 1, 100, '2015-08-05', '10:59:06', 'cash', '9585589320', 'kku.upadhyay@gmail.com', '13MSE0320'),
(7767, '15BME0710', 'OMKAR CHUNAMARI', 1032, 1, 200, '2015-08-05', '10:59:13', 'cash', '9790626008', 'ovchunamari@gmail.com', '13BCE0398'),
(7768, '15BEM0078', 'SIDDHARTH SHETTY', 1090, 1, 35, '2015-08-05', '10:59:32', 'cash', '9920936822', 'shettysiddharth4@gmail.com', '13BCL0329'),
(7769, '15BEE0282', 'ANSHUL BANSAL', 1032, 1, 200, '2015-08-05', '10:59:43', 'cash', '9790044347', 'anshul77@hotmail.com', '13BCE0280'),
(7770, '15BIT0134', 'RUBAL NANDAL', 1147, 1, 35, '2015-08-05', '10:59:46', 'cash', '9585855194', 'rubal222222@gmail.com', '13BEC0454'),
(7771, '15BCE0148', 'Vardaan Mittal', 1124, 1, 50, '2015-08-05', '10:59:56', 'cash', '9790045774', 'mittal_vardaan@gmail.com', '13BCB0012'),
(7772, '15BEC0318', 'VARUN', 1162, 1, 50, '2015-08-05', '11:00:06', 'cash', '9003779833', 'varun.prakash2015@vit.ac.in', '13BEC0240'),
(7773, '14BEE0030', 'ARCHIT SRIVASTAVA', 1164, 1, 50, '2015-08-05', '11:00:13', 'cash', '9629285551', 'architsrivastava07@gmail.com', '13BCE0833'),
(7774, '15MIS0034', 'Mandapati Havya', 1163, 1, 50, '2015-08-05', '11:00:16', 'cash', '8428305466', 'havyamandapati@gmail.com', '13BCB0031'),
(7775, '15BCE0732', 'ARPIT PURI', 1119, 1, 100, '2015-08-05', '11:00:20', 'cash', '9003762475', 'puriarpit@gmail.com', '13BEC0417'),
(7776, '15BME0376', 'DESHPRABHU RAJENDRA VASUDEO', 1060, 1, 100, '2015-08-05', '11:01:31', 'cash', '8698978897', 'higgsboson08@gmail.com', '13BBT0058'),
(7777, '15BIT0199', 'Vaibhav Kakkar', 1124, 1, 50, '2015-08-05', '11:01:35', 'cash', '9790041030', 'vaibhav.kakkar97@gmail.com', '13BCB0012'),
(7779, '15BCE0489', 'Yash Agarwal', 1011, 1, 200, '2015-08-05', '11:01:45', 'cash', '9003669361', 'yashagarwal.2015@vit.ac.in', '13BCE0786'),
(7780, '15BCE0489', 'Yash Agarwal', 1111, 1, 50, '2015-08-05', '11:01:45', 'cash', '9003669361', 'yashagarwal.2015@vit.ac.in', '13BCE0786'),
(7781, '15BCE0489', 'Yash Agarwal', 1127, 1, 150, '2015-08-05', '11:01:45', 'cash', '9003669361', 'yashagarwal.2015@vit.ac.in', '13BCE0786'),
(7782, '15BCE0489', 'Yash Agarwal', 1038, 1, 1000, '2015-08-05', '11:01:45', 'cash', '9003669361', 'yashagarwal.2015@vit.ac.in', '13BCE0786'),
(7783, '15BCE0489', 'Yash Agarwal', 1004, 1, 200, '2015-08-05', '11:01:45', 'cash', '9003669361', 'yashagarwal.2015@vit.ac.in', '13BCE0786'),
(7784, '15BCL0176', 'KARTHIK SUNDER', 1060, 1, 100, '2015-08-05', '11:01:53', 'cash', '9585332055', 'kartikmeun@rediffmail.com', '13MSE0358'),
(7785, '15BCM0069', 'SHIVANSH TANDON', 1147, 1, 35, '2015-08-05', '11:02:17', 'cash', '9790003740', 'shivansh.tandon2015@vit.ac.in', '13BEC0454'),
(7786, '15BIT0333', 'ABHINAV SHARMA', 1015, 1, 150, '2015-08-05', '11:02:19', 'cash', '9790007966', 'abhinav.sharma997@gmail.com', '13BCE0398'),
(7787, '15BME0123', 'V SOURABH', 1011, 1, 200, '2015-08-05', '11:02:21', 'cash', '9494206307', 'vadlamudisourabh98@gmail.com', '13BCH0018'),
(7788, '15BCE0682', 'KUNAL PANDEY ', 1049, 1, 50, '2015-08-05', '11:02:31', 'cash', '9790024038', 'knlpndy@gmail.com', '13BEC0396'),
(7789, '15BCE0682', 'KUNAL PANDEY ', 1121, 1, 50, '2015-08-05', '11:02:31', 'cash', '9790024038', 'knlpndy@gmail.com', '13BEC0396'),
(7790, '15BCE0682', 'KUNAL PANDEY ', 1148, 1, 50, '2015-08-05', '11:02:31', 'cash', '9790024038', 'knlpndy@gmail.com', '13BEC0396'),
(7791, '15BCH0030', 'AKASH SINGH', 1147, 1, 35, '2015-08-05', '11:02:49', 'cash', '9790695292', 'akash6398@hotmail.com', '13BEC0183'),
(7792, '15BCE0091', 'BHAVTENDU BHASKAR', 1013, 1, 150, '2015-08-05', '11:02:50', 'cash', '8056923230', 'bshubhamb13@gmail.com', '13MSE0320'),
(7793, '15BEC0667', 'ARYA M NAIR', 1055, 1, 1400, '2015-08-05', '11:02:54', 'cash', '7868879294', 'aryam.nair2015@vit.ac.in', '13BCL0329'),
(7794, '15BME0616', 'Arrchit Garg', 1124, 1, 50, '2015-08-05', '11:03:14', 'cash', '9790064457', 'archit.11.ag@gmail.com', '13BCB0012'),
(7795, '15BCL0096', 'ADESH PANDEY', 1147, 1, 35, '2015-08-05', '11:03:28', 'cash', '9790043385', 'adesh.pandey2015@vit.ac.in', '13BBT0058'),
(7796, '15BIT0069', 'KARTHIKAY GUPTA', 1015, 1, 150, '2015-08-05', '11:03:48', 'cash', '9585400713', 'kartikaygupta015@gmail.com', '13BCE0398'),
(7797, '15BCE0486', 'Harshit Mittal', 1011, 1, 200, '2015-08-05', '11:04:46', 'cash', '9003725413', 'harshitmittal163@yahoo.com', '13BCE0786'),
(7798, '15BCE0486', 'Harshit Mittal', 1004, 1, 200, '2015-08-05', '11:04:46', 'cash', '9003725413', 'harshitmittal163@yahoo.com', '13BCE0786'),
(7799, '15BCE0486', 'Harshit Mittal', 1111, 1, 50, '2015-08-05', '11:04:46', 'cash', '9003725413', 'harshitmittal163@yahoo.com', '13BCE0786'),
(7800, '15BCE0486', 'Harshit Mittal', 1127, 1, 150, '2015-08-05', '11:04:46', 'cash', '9003725413', 'harshitmittal163@yahoo.com', '13BCE0786'),
(7801, '15BCE0094', 'JYOTIKA SINGH', 1013, 1, 150, '2015-08-05', '11:04:48', 'cash', '9585364733', 'singhjyotika00@gmail.com', '13MSE0320'),
(7802, '15BCE0129', 'ADWAITH SREEKUMAR', 1011, 1, 200, '2015-08-05', '11:05:00', 'cash', '8220334905', 'adwaithsreekumar@icloud.com', '13BCL0329'),
(7803, '15BCE0700', 'CHANDAN KESARWANI', 1049, 1, 50, '2015-08-05', '11:05:04', 'cash', '9790632099', 'kesarwanichandan6@gmail.com', '13BEC0396'),
(7804, '15BCE0700', 'CHANDAN KESARWANI', 1121, 1, 50, '2015-08-05', '11:05:04', 'cash', '9790632099', 'kesarwanichandan6@gmail.com', '13BEC0396'),
(7805, '15BCE0700', 'CHANDAN KESARWANI', 1148, 1, 50, '2015-08-05', '11:05:04', 'cash', '9790632099', 'kesarwanichandan6@gmail.com', '13BEC0396'),
(7806, '15BCE0437', 'PARTH MUPHENSON', 1049, 1, 50, '2015-08-05', '11:05:05', 'cash', '9990866605', 'parth.mcphenson2015@vit.ac.in', '13BCH0018'),
(7807, '15MIS0027', 'Himaja Reddy', 1163, 1, 50, '2015-08-05', '11:05:14', 'cash', '8428305466', 'bushireddys.himajareddy2015@vit.ac.in', '13BCB0031'),
(7808, '15BCE0715', 'DIKSHA SINGH', 1119, 1, 100, '2015-08-05', '11:05:20', 'cash', '9790012912', 'diksha1023@gmail.com', '13BEC0417'),
(7809, '15BEC0970', 'ARJUN', 1078, 1, 50, '2015-08-05', '11:05:28', 'cash', '9790649077', 'ajun.olachery2015@vit.ac.in', '13BEC0240'),
(7810, '15BME0769', 'Sanyam Kakkar', 1124, 1, 50, '2015-08-05', '11:05:30', 'cash', '9790040620', 'sanyamkakkar555@gmail.com', '13BCB0012'),
(7811, '15BEE0212', 'BHALODI SHYAM', 1032, 1, 200, '2015-08-05', '11:05:51', 'cash', '9545624466', 'shyambhalodi@gmail.com', '13BCE0280'),
(7812, '15BIT0103', 'SNEHIL', 1047, 1, 300, '2015-08-05', '11:05:55', 'cash', '9790039906', 'snehillal1997@gmail.com', '13BCE0398'),
(7813, '15BEC0507', 'MANNUR MAHESHWAR REDDY', 1047, 1, 300, '2015-08-05', '11:06:02', 'cash', '7032516875', 'sagarreddy296@gmail.com', '13BCE0833'),
(7814, '15BEC0507', 'MANNUR MAHESHWAR REDDY', 1041, 1, 300, '2015-08-05', '11:06:02', 'cash', '7032516875', 'sagarreddy296@gmail.com', '13BCE0833'),
(7815, '15BEC0507', 'MANNUR MAHESHWAR REDDY', 1049, 1, 50, '2015-08-05', '11:06:02', 'cash', '7032516875', 'sagarreddy296@gmail.com', '13BCE0833'),
(7816, '15BCE0200', 'ASHISH GOEL', 1013, 1, 150, '2015-08-05', '11:06:12', 'cash', '9790078759', 'ashish.goel2015@vit.ac.in', '13MSE0320'),
(7817, '15BCL0084', 'ABHISHEK SRIVASTAVA', 1147, 1, 35, '2015-08-05', '11:06:20', 'cash', '9600658831', 'abhishek.srivastava29@gmail.com', '13BBT0058'),
(7818, '15BMA0011', 'RITIK KHANDELWAL', 1127, 1, 150, '2015-08-05', '11:07:26', 'cash', '9826000072', 'ritikkhandelwal17@gmail.com', '13BCL0329');
INSERT INTO `internal_registration` (`id`, `regno`, `name`, `event_id`, `team`, `price`, `date`, `time`, `rrno`, `phno`, `email`, `cord_login`) VALUES
(7819, '15BCE0531', 'Prashant singhai', 1047, 1, 300, '2015-08-05', '11:07:42', 'cash', '8144861556', 'prashantsinghai456@gmail.com', '13BCB0012'),
(7820, '15BME0829', 'HEMANT DOOT', 1032, 1, 200, '2015-08-05', '11:07:58', 'cash', '9790004340', 'hemantdoot001@gmail.com', '13MSE0320'),
(7821, '15BME0829', 'HEMANT DOOT', 1011, 1, 200, '2015-08-05', '11:07:58', 'cash', '9790004340', 'hemantdoot001@gmail.com', '13MSE0320'),
(7822, '15MIS0417', 'P.V.M.SAI VIHARI', 1060, 1, 100, '2015-08-05', '11:08:02', 'cash', '8333872070', 'saivihari1998@gmail.com', '13BEC0454'),
(7823, '15BME0943', 'GURPREET SINGH SACHDEV', 1032, 1, 200, '2015-08-05', '11:09:22', 'cash', '7871229744', 'parneetsinghsachdeva@gmail.com', '13BCE0280'),
(7824, '15BCE0602', 'ARPIT JAIN', 1044, 1, 150, '2015-08-05', '11:09:40', 'cash', '9585405825', 'arpitjain.rav@gmail.com', '13MSE0320'),
(7825, '15BEE0083', 'ADHAY V V', 1172, 1, 50, '2015-08-05', '11:09:56', 'cash', '9900036547', 'abhayvaidian@gmail.com', '13MSE0358'),
(7827, '15BCL0061', 'SHIVANG SRIVASTAVA', 1147, 1, 35, '2015-08-05', '11:10:02', 'cash', '9790538548', 'shivangsah321@gmail.com', '13BBT0058'),
(7828, '15BMA0014', 'RAHUL JAIN', 1127, 1, 150, '2015-08-05', '11:10:24', 'cash', '9585331243', 'rahul_bakliwal@yahoo.co.in', '13BCE0833'),
(7829, '15BEC0243', 'Utkarsh Jha ', 1146, 1, 50, '2015-08-05', '11:10:31', 'cash', '9003760839', 'utkarshjhaji@gmail.com', '13BCE0786'),
(7830, '15BCE0533', 'Anuj Sinha', 1047, 1, 300, '2015-08-05', '11:10:54', 'cash', '7737767430', 'sinhaanuj1996@gmail.com', '13BCB0012'),
(7831, '15BCE0692', 'SARTHAK TANDON', 1049, 1, 50, '2015-08-05', '11:10:54', 'cash', '8004928121', 'tandon1307@gmail.com', '13BEC0396'),
(7832, '15BCE0692', 'SARTHAK TANDON', 1121, 1, 50, '2015-08-05', '11:10:54', 'cash', '8004928121', 'tandon1307@gmail.com', '13BEC0396'),
(7833, '15MIS0053', 'RAYACHOTI VENKATESWARULU', 1060, 1, 100, '2015-08-05', '11:11:16', 'cash', '9003709861', 'warluvenkates1997@gmail.com', '13BEC0454'),
(7834, '15BIT0092', 'ARVALI SAIKIA', 1047, 1, 300, '2015-08-05', '11:11:22', 'cash', '9585435876', 'arvalipravali@gmail.com', '13BCE0398'),
(7835, '15BCE0864', 'Suvansh Dutta', 1048, 1, 250, '2015-08-05', '11:11:30', 'cash', '9873940022', 'suvansh.dutta21@gmail.com', '13BCB0031'),
(7836, '15BME2050', 'RAUNAV CHITKARA', 1011, 1, 200, '2015-08-05', '11:11:41', 'cash', '9880259210', 'raunavchitkara@gmail.com', '13BEC0183'),
(7837, '15BME2050', 'RAUNAV CHITKARA', 1028, 1, 600, '2015-08-05', '11:11:41', 'cash', '9880259210', 'raunavchitkara@gmail.com', '13BEC0183'),
(7838, '15BME2050', 'RAUNAV CHITKARA', 1019, 1, 100, '2015-08-05', '11:11:41', 'cash', '9880259210', 'raunavchitkara@gmail.com', '13BEC0183'),
(7839, '15BME2050', 'RAUNAV CHITKARA', 1044, 1, 150, '2015-08-05', '11:11:41', 'cash', '9880259210', 'raunavchitkara@gmail.com', '13BEC0183'),
(7840, '15BME2050', 'RAUNAV CHITKARA', 1049, 1, 50, '2015-08-05', '11:11:41', 'cash', '9880259210', 'raunavchitkara@gmail.com', '13BEC0183'),
(7841, '15BEC0352', 'ANUJ CHAUDHARY', 1002, 1, 200, '2015-08-05', '11:11:51', 'cash', '9003720066', 'anuj.chaudhary.12@gmail.com', '13BCH0018'),
(7842, '15BCE0755', 'TANVI ANAND', 1119, 1, 100, '2015-08-05', '11:11:55', 'cash', '9971833644', 'tanvi.anand959@gmail.com', '13BEC0417'),
(7843, '15BCE0538', 'RAJAT MUKATI', 1049, 1, 50, '2015-08-05', '11:11:59', 'cash', '9003858453', 'rajatmukati005@gmail.com', '13BEC0396'),
(7844, '15MMT0002', 'GARUD ROHIT SUDAMRAO', 1049, 1, 50, '2015-08-05', '11:12:25', 'cash', '9790648667', 'rohit.garud99@gmail.com', '13BCL0329'),
(7845, '15MMT0002', 'GARUD ROHIT SUDAMRAO', 1011, 1, 200, '2015-08-05', '11:12:25', 'cash', '9790648667', 'rohit.garud99@gmail.com', '13BCL0329'),
(7846, '15MMT0002', 'GARUD ROHIT SUDAMRAO', 1044, 1, 150, '2015-08-05', '11:12:25', 'cash', '9790648667', 'rohit.garud99@gmail.com', '13BCL0329'),
(7847, '15MMT0002', 'GARUD ROHIT SUDAMRAO', 1051, 1, 500, '2015-08-05', '11:12:25', 'cash', '9790648667', 'rohit.garud99@gmail.com', '13BCL0329'),
(7848, '15MMT0002', 'GARUD ROHIT SUDAMRAO', 1057, 1, 400, '2015-08-05', '11:12:25', 'cash', '9790648667', 'rohit.garud99@gmail.com', '13BCL0329'),
(7849, '15MMT0002', 'GARUD ROHIT SUDAMRAO', 1131, 1, 35, '2015-08-05', '11:12:25', 'cash', '9790648667', 'rohit.garud99@gmail.com', '13BCL0329'),
(7850, '15BCE0360', 'SHUBHAM PARTH', 1003, 1, 200, '2015-08-05', '11:12:56', 'cash', '9790538548', 'shubhamparthfastfurious@gmail.com', '13BBT0058'),
(7851, '15BEM0131', 'CHARCHIT AGARWAL', 1032, 1, 200, '2015-08-05', '11:13:09', 'cash', '9585397479', 'charchit.agarwal@yahoo.cm', '13BCE0280'),
(7852, '15BCE0762', 'Pritthish Chattopadhyay', 1047, 1, 300, '2015-08-05', '11:15:44', 'cash', '9475237845', 'pritthish123@gmail.com', '13BCB0031'),
(7853, '15BCE0319', 'MANAN BARJATYA', 1070, 1, 50, '2015-08-05', '11:17:37', 'cash', '9790003863', 'manan.barjatya2015@vit.ac.in', '13MSE0320'),
(7854, '15BCE0319', 'MANAN BARJATYA', 1072, 1, 50, '2015-08-05', '11:17:37', 'cash', '9790003863', 'manan.barjatya2015@vit.ac.in', '13MSE0320'),
(7855, '15BCE0319', 'MANAN BARJATYA', 1078, 1, 50, '2015-08-05', '11:17:37', 'cash', '9790003863', 'manan.barjatya2015@vit.ac.in', '13MSE0320'),
(7856, '15BCE0319', 'MANAN BARJATYA', 1181, 1, 25, '2015-08-05', '11:17:37', 'cash', '9790003863', 'manan.barjatya2015@vit.ac.in', '13MSE0320'),
(7857, '15BCE0319', 'MANAN BARJATYA', 1075, 1, 100, '2015-08-05', '11:17:37', 'cash', '9790003863', 'manan.barjatya2015@vit.ac.in', '13MSE0320'),
(7858, '15BBT0137', 'OJASWISUMBH', 1035, 1, 400, '2015-08-05', '11:18:13', 'cash', '9003716274', 'ojaswi.sumbh@gmail.com', '13BEC0454'),
(7859, '15BBT0137', 'OJASWISUMBH', 1182, 1, 100, '2015-08-05', '11:18:13', 'cash', '9003716274', 'ojaswi.sumbh@gmail.com', '13BEC0454'),
(7860, '15BBT0137', 'OJASWISUMBH', 1034, 1, 200, '2015-08-05', '11:18:13', 'cash', '9003716274', 'ojaswi.sumbh@gmail.com', '13BEC0454'),
(7861, '15BBT0137', 'OJASWISUMBH', 1127, 1, 150, '2015-08-05', '11:18:13', 'cash', '9003716274', 'ojaswi.sumbh@gmail.com', '13BEC0454'),
(7862, '15BEC0715', 'SHAURYA PRATAK', 1002, 1, 200, '2015-08-05', '11:18:16', 'cash', '9760223927', 'shauryaraykar@gmail.com', '13BCH0018'),
(7863, '15BCE0252', 'DAKSH MEHTA', 1049, 1, 50, '2015-08-05', '11:18:25', 'cash', '9991080769', 'daksh95@gmail.com', '13BCL0329'),
(7864, '15BME2050', 'RAUNAV CHITKARA', 1127, 1, 150, '2015-08-05', '11:18:29', 'cash', '9880259210', 'raunavchitkara@gmail.com', '13BPI0041'),
(7865, '15BEC0287', 'S.HEEN AMHRIN', 1044, 1, 150, '2015-08-05', '11:18:31', 'cash', '8220548475', 'heenamrhin@gmail.com', '13BEC0240'),
(7866, '15BEC0050', 'AYUSH KUMAR', 1041, 1, 300, '2015-08-05', '11:18:34', 'cash', '9003722141', 'kmr.ayush7@gmail.com', '13BCE0398'),
(7867, '15BEC0050', 'AYUSH KUMAR', 1047, 1, 300, '2015-08-05', '11:18:34', 'cash', '9003722141', 'kmr.ayush7@gmail.com', '13BCE0398'),
(7868, '15BEC0050', 'AYUSH KUMAR', 1049, 1, 50, '2015-08-05', '11:18:34', 'cash', '9003722141', 'kmr.ayush7@gmail.com', '13BCE0398'),
(7869, '15BEE0081', 'Pranav Sethi', 1146, 1, 50, '2015-08-05', '11:18:57', 'cash', '9003745522', 'prannasethi@gmail.com', '13BCE0786'),
(7870, '15BEE0081', 'Pranav Sethi', 1124, 1, 50, '2015-08-05', '11:18:57', 'cash', '9003745522', 'prannasethi@gmail.com', '13BCE0786'),
(7871, '15BCE0642', 'RAPAKA SREEHARSHA', 1011, 1, 200, '2015-08-05', '11:20:33', 'cash', '9790034235', 'sreeharsharapaka86@gmail.com', '13BEC0396'),
(7872, '15BCE0642', 'RAPAKA SREEHARSHA', 1148, 1, 50, '2015-08-05', '11:20:33', 'cash', '9790034235', 'sreeharsharapaka86@gmail.com', '13BEC0396'),
(7873, '15BCE0642', 'RAPAKA SREEHARSHA', 1053, 1, 500, '2015-08-05', '11:20:33', 'cash', '9790034235', 'sreeharsharapaka86@gmail.com', '13BEC0396'),
(7874, '15BCE0642', 'RAPAKA SREEHARSHA', 1040, 1, 100, '2015-08-05', '11:20:33', 'cash', '9790034235', 'sreeharsharapaka86@gmail.com', '13BEC0396'),
(7875, '13BCE0353', 'Raghav Mahajan', 1017, 1, 450, '2015-08-05', '11:20:40', 'cash', '8728825411', 'mahajanrahul58@gmail.com', '13BCB0031'),
(7876, '15BCH0069', 'RAJAT MISHRA', 1049, 1, 50, '2015-08-05', '11:20:44', 'cash', '9585397277', 'rajatmishra897@gmail.com', '13BCL0329'),
(7877, '15BME0825', 'Ishaan Kumar', 1011, 1, 200, '2015-08-05', '11:20:59', 'cash', '9003741906', 'ishan.chd.ik@gmail.com', '13BCE0786'),
(7878, '13BEM0011', 'ASHWATH', 1044, 1, 150, '2015-08-05', '11:21:19', 'cash', '9751594880', 'ashwath.g2015@vit.ac.in', '13BEC0240'),
(7879, '15BME0004', 'A.M.SARGURU', 1060, 1, 100, '2015-08-05', '11:21:37', 'cash', '9585331526', 'am.sarguru2015@vit.ac.in', '13BEC0454'),
(7880, '15MSC0022', 'SWATHI IJ SINGH', 1172, 1, 50, '2015-08-05', '11:22:02', 'cash', '9611747904', 'swathisingh456@gmail.com', '13BPI0041'),
(7881, '15BIT0062', 'ATHARVA KULKARNI', 1047, 1, 300, '2015-08-05', '11:22:10', 'cash', '9833455500', 'atharvakulkarni.2015@vit.ac.in', '13BCE0398'),
(7882, '15BCL0169', 'DIVYATEJ JAYESH MEHTA', 1049, 1, 50, '2015-08-05', '11:22:14', 'cash', '9409244811', 'divyatej94@gmail.com', '13BCL0329'),
(7883, '15BEC0136', 'AKASH', 1121, 1, 50, '2015-08-05', '11:22:38', 'cash', '8802000331', 'akashsinghn233@gmail.com', '13BEC0240'),
(7884, '15BEM0139', 'Ayushi Prabhakar', 1172, 1, 50, '2015-08-05', '11:22:46', 'cash', '9585384561', 'contactayushiprabhakar@gmail.com', '13BCE0786'),
(7885, '15BEM0139', 'Ayushi Prabhakar', 1011, 1, 200, '2015-08-05', '11:22:46', 'cash', '9585384561', 'contactayushiprabhakar@gmail.com', '13BCE0786'),
(7886, '15BEM0139', 'Ayushi Prabhakar', 1124, 1, 50, '2015-08-05', '11:22:46', 'cash', '9585384561', 'contactayushiprabhakar@gmail.com', '13BCE0786'),
(7887, '13BEE0240', 'SHASHWAT SHUKLA', 1164, 1, 50, '2015-08-05', '11:23:05', 'cash', '9629767195', 'shashwat77@gmail.com', '13BEC0396'),
(7888, '15BME0781', 'D.SACHIN', 1032, 1, 200, '2015-08-05', '11:23:09', 'cash', '9176387283', 's7291162@gmail.com', '13BEC0183'),
(7889, '15BEC0523', 'ARPIT PARUTI', 1004, 1, 200, '2015-08-05', '11:23:17', 'cash', '9560874709', 'parutiarpit@gmail.com', '13BEC0454'),
(7890, '15BEC0523', 'ARPIT PARUTI', 1006, 1, 150, '2015-08-05', '11:23:17', 'cash', '9560874709', 'parutiarpit@gmail.com', '13BEC0454'),
(7891, '15BEC0048', 'ADITYA HARSH', 1049, 1, 50, '2015-08-05', '11:24:32', 'cash', '9475735158', 'adityaharsh96@gmail.com', '13BCE0833'),
(7894, '15BME0628', 'SHIVAM KUMAR SINGH', 1011, 1, 200, '2015-08-05', '11:25:30', 'cash', '8239067980', 'shivu2785@gmail.com', '13MSE0320'),
(7895, '15BME0628', 'SHIVAM KUMAR SINGH', 1044, 1, 150, '2015-08-05', '11:25:30', 'cash', '8239067980', 'shivu2785@gmail.com', '13MSE0320'),
(7896, '15MIS0062', 'Alem Poojitha', 1163, 1, 50, '2015-08-05', '11:26:10', 'cash', '9494264126', 'apoojithepoo21@gmail.com', '13BCB0031'),
(7897, '15BCE0568', 'AMITYA AGARWAL', 1006, 1, 150, '2015-08-05', '11:26:25', 'cash', '9910022542', 'amitya126@gmail.com', '13BEC0454'),
(7898, '15BCE0568', 'AMITYA AGARWAL', 1007, 1, 150, '2015-08-05', '11:26:25', 'cash', '9910022542', 'amitya126@gmail.com', '13BEC0454'),
(7899, '15BME0721', 'YASH JAJOO', 1060, 1, 100, '2015-08-05', '11:26:38', 'cash', '8511203664', 'yashjajoo06@gmail.com', '13BCL0329'),
(7900, '15BME0745', 'ASHUTOSH BISANI', 1049, 1, 50, '2015-08-05', '11:26:50', 'cash', '8469157700', 'bisaniashutosh@gmail.com', '13BCE0833'),
(7901, '13BME0767', 'AJIT SUKUMAR', 1034, 1, 200, '2015-08-05', '11:26:59', 'cash', '9585398098', 'sukumar.ajit98@gmail.com', '13BEC0240'),
(7902, '13BME0767', 'AJIT SUKUMAR', 1044, 1, 150, '2015-08-05', '11:26:59', 'cash', '9585398098', 'sukumar.ajit98@gmail.com', '13BEC0240'),
(7903, '13BME0767', 'AJIT SUKUMAR', 1121, 1, 50, '2015-08-05', '11:26:59', 'cash', '9585398098', 'sukumar.ajit98@gmail.com', '13BEC0240'),
(7904, '15BME0009', 'SURBHIT BHARADWAJ', 1060, 1, 100, '2015-08-05', '11:28:18', 'cash', '9942378507', 'surbhitbharadwaj3006@gmail.com', '13BCL0329'),
(7905, '15MSC0004', 'TONI CHRISTO ABRAHAM', 1172, 1, 50, '2015-08-05', '11:28:46', 'cash', '9003689348', 'tonichristoabraham@gmail.com', '13BPI0041'),
(7906, '15BCE0588', 'NITTALE VENKATA SAI ADITHYA', 1124, 1, 50, '2015-08-05', '11:29:37', 'cash', '9790035884', 'adityya007@gmail.com', '13BEC0396'),
(7907, '15BCE0588', 'NITTALE VENKATA SAI ADITHYA', 1172, 1, 50, '2015-08-05', '11:29:37', 'cash', '9790035884', 'adityya007@gmail.com', '13BEC0396'),
(7908, '15BCE2055', 'L PRANAU KUMAR', 1069, 1, 50, '2015-08-05', '11:30:21', 'cash', '9790014428', 'pranau97@gmail.com', '13BPI0041'),
(7909, '15BEC0828', 'MOHIT JAIN', 1032, 1, 200, '2015-08-05', '11:30:37', 'cash', '9571646588', 'jain.mohit.161996@gmail.com', '13BCE0280'),
(7910, '15BCE0610', 'MRIDUL AGARWAL', 1047, 1, 300, '2015-08-05', '11:31:39', 'cash', '9007853935', 'mridulagarwal8@gmail.com', '13BEC0784'),
(7911, '15BEC0034', 'KONANGI SURAJ', 1011, 1, 200, '2015-08-05', '11:31:52', 'cash', '9494282424', 'surajkongangi@gmail.com', '13BPI0041'),
(7912, '15BCE0607', 'NILESH KUMAR RAUT', 1011, 1, 200, '2015-08-05', '11:32:03', 'cash', '9585366261', 'nileshrautxyz@gmail.com', '13MSE0320'),
(7913, '15BCE0607', 'NILESH KUMAR RAUT', 1044, 1, 150, '2015-08-05', '11:32:03', 'cash', '9585366261', 'nileshrautxyz@gmail.com', '13MSE0320'),
(7914, '15BCE0607', 'NILESH KUMAR RAUT', 1049, 1, 50, '2015-08-05', '11:32:03', 'cash', '9585366261', 'nileshrautxyz@gmail.com', '13MSE0320'),
(7915, '15BCE0675', 'SHIVAM GUPTA', 1047, 1, 300, '2015-08-05', '11:33:26', 'cash', '9585438508', 'shivam131313@gmail.com', '13MSE0320'),
(7916, '15BME0345', 'PRASHANT MUKESH', 1121, 1, 50, '2015-08-05', '11:34:26', 'cash', '9003858521', 'prashantmukesh24@gmail.com', '13BCE0398'),
(7917, '15BME0204', 'NAUNIDH JYOT SINGH GULATI', 1006, 1, 150, '2015-08-05', '11:34:49', 'cash', '9790014455', 'naunidh555@icloud.com', '13BCL0329'),
(7918, '15BPI0036', 'PRATHIK N SUNTHU', 1011, 1, 200, '2015-08-05', '11:34:57', 'cash', '9087026656', 'prathik.n.sunku@gmail.com', '13BEC0784'),
(7919, '15BPI0036', 'PRATHIK N SUNTHU', 1127, 1, 150, '2015-08-05', '11:34:57', 'cash', '9087026656', 'prathik.n.sunku@gmail.com', '13BEC0784'),
(7920, '15BME0904', 'SHRAYA MANGAL', 1060, 1, 100, '2015-08-05', '11:34:57', 'cash', '8818881816', 'mangal.shriya@gmail.com', '13MSE0358'),
(7921, '15BCM0002', 'Anupama Mukherjee', 1036, 1, 100, '2015-08-05', '11:35:04', 'cash', '9962237478', 'anupama97@hotmail.com', '13BCL0150'),
(7922, '15BCE0361', 'KARTHIK RAJARAMAN', 1072, 1, 50, '2015-08-05', '11:35:19', 'cash', '9585581106', 'karth2512@gmail.com', '13MSE0320'),
(7923, '15BCE0361', 'KARTHIK RAJARAMAN', 1073, 1, 100, '2015-08-05', '11:35:19', 'cash', '9585581106', 'karth2512@gmail.com', '13MSE0320'),
(7924, '15BCB0007', 'ANURAAG MAZUMDAR', 1011, 1, 200, '2015-08-05', '11:35:30', 'cash', '9790007551', 'anuraagmazumdar97@gmail.com', '13BCE0280'),
(7925, '15BME0050', 'ADITYA SHEKHAR ', 1090, 1, 35, '2015-08-05', '11:35:58', 'cash', '9585583302', 'being.aditya226@gmail.com', '13BCE0398'),
(7926, '15BPI0069', 'ATIF HUSSAIN', 1049, 1, 50, '2015-08-05', '11:36:18', 'cash', '9329492786', 'atifhussain068@gmail.com', '13BCE0833'),
(7927, '15BEC0066', 'NAVNEET CHOUDHARY', 1047, 1, 300, '2015-08-05', '11:36:34', 'cash', '9003750484', 'navneet_c9@yahoo.in', '13BPI0041'),
(7928, '15BCE0544', 'RAJAT KUMAR KULSHRESHTHA', 1047, 1, 300, '2015-08-05', '11:36:39', 'cash', '9790541821', 'RAHUL.KULSHRESTHA97@GMAIL.COM', '13BCB0012'),
(7929, '15BME0288', 'UJWAL ARUNKUMAR TARANATH', 1011, 1, 200, '2015-08-05', '11:37:43', 'cash', '9008131002', 'ujwalatdcjl@gmail.com', '13BEC0784'),
(7930, '15BME0288', 'UJWAL ARUNKUMAR TARANATH', 1127, 1, 150, '2015-08-05', '11:37:43', 'cash', '9008131002', 'ujwalatdcjl@gmail.com', '13BEC0784'),
(7931, '15BEC0116', 'HRITHIK goyal', 1047, 1, 300, '2015-08-05', '11:38:22', 'cash', '9585334782', 'goyalhrithik49@gmail.com', '13BPI0041'),
(7932, '15BEM0112', 'ANANT CHANDRA', 1060, 1, 100, '2015-08-05', '11:38:32', 'cash', '9619900920', 'anantchandra347@gmail.com', '13BCH0018'),
(7933, '15BEE0139', 'ANUPAM BISHT', 1157, 1, 100, '2015-08-05', '11:39:04', 'cash', '7200660151', 'ANUPAMBISHT12@YAHOO.COM', '13BCB0012'),
(7934, '15BEE0178', 'SARKAR ANURAG', 1060, 1, 100, '2015-08-05', '11:40:11', 'cash', '9790031200', 'anuragsarkar20@gmail.com', '13BCH0018'),
(7935, '15BME0345', 'PRASHAST MUKESH', 1090, 1, 35, '2015-08-05', '11:40:30', 'cash', '9003858521', 'prashastmukesh24@gmail.com', '13BCE0398'),
(7936, '15BME0191', 'MUKUL VASHISHTHA', 1090, 1, 35, '2015-08-05', '11:40:48', 'cash', '7305158738', 'prashastmukesh24@gmail.com', '13BCE0280'),
(7937, '15BME0191', 'MUKUL VASHISHTHA', 1147, 1, 35, '2015-08-05', '11:40:48', 'cash', '7305158738', 'prashastmukesh24@gmail.com', '13BCE0280'),
(7938, '15BME0745', 'ASHUTOSH BISANI', 1004, 1, 200, '2015-08-05', '11:41:37', 'cash', '8469157700', 'bisaniashutosh@gmail.com', '13BBT0058'),
(7939, '15BMA0049', 'CHANDER UDHAY', 1049, 1, 50, '2015-08-05', '11:42:27', 'cash', '8056815324', 'udhaysing44@gmail.com', '13MSE0358'),
(7940, '15BME0710', 'OMKAR VINAY CHUNAMARI', 1049, 1, 50, '2015-08-05', '11:42:58', 'cash', '9790626008', 'ovichunamari@gmail.com', '13BEC0784'),
(7941, '15BCE0437', 'PARTH MCPHERSON', 1122, 1, 50, '2015-08-05', '11:43:09', 'cash', '9990866605', 'parth.mcpherson2015@vit.ac.in', '13BCE0280'),
(7942, '15BCH0069', 'RAJAT MISHRA', 1004, 1, 200, '2015-08-05', '11:43:32', 'cash', '9585397277', 'rajatmishra897@gmail.com', '13BBT0058'),
(7943, '15BEC0146', 'AMIT KADARMANDALGI', 1060, 1, 100, '2015-08-05', '11:44:23', 'cash', '9448410286', 'amit.xenon@gmail.com', '13MSE0358'),
(7944, '15BMA0006', 'RAHUL MITTAL', 1127, 1, 150, '2015-08-05', '11:44:31', 'cash', '9844635947', 'RAHUL.RAHUL.MITTAL@GMAIL.COM', '13BCB0012'),
(7945, '15BME0453', 'MANU SHREE KALRA', 1060, 1, 100, '2015-08-05', '11:44:33', 'cash', '9997423230', 'manushree.kalra@vit.ac.in', '13BCL0329'),
(7946, '15BCE0427', 'SUMEET BACHANI', 1122, 1, 50, '2015-08-05', '11:45:08', 'cash', '8860576475', 'sumeet.bachani2015@vit.ac.in', '13BCE0398'),
(7947, '15BME0932', 'SWAPNIL BHATTACHARYA', 1148, 1, 50, '2015-08-05', '11:45:09', 'cash', '9003741037', 'b.swapnil@gmail.com', '13BPI0041'),
(7949, '15BEC0048', 'ADITYA HARSH', 1006, 1, 150, '2015-08-05', '11:45:28', 'cash', '9475735158', 'adityaharsh96@gmail.com', '13BBT0058'),
(7950, '15BCE0525', 'DIVYA DEBASHRITA', 1034, 1, 200, '2015-08-05', '11:46:10', 'cash', '7299043852', 'divya.04.d@gmail.com', '13BCE0280'),
(7951, '15BCE0755', 'TANVI ANAND ', 1034, 1, 200, '2015-08-05', '11:46:47', 'cash', '9971833644', 'tanvi.anand959@gmail.com', '13BCE0398'),
(7952, '15BEC0520', 'SIDDHARTH VERMA', 1121, 1, 50, '2015-08-05', '11:47:06', 'cash', '9003724156', 'siddharthverma256@gmail.com', '13MSE0320'),
(7953, '15BEC0520', 'SIDDHARTH VERMA', 1127, 1, 150, '2015-08-05', '11:47:06', 'cash', '9003724156', 'siddharthverma256@gmail.com', '13MSE0320'),
(7954, '15BEC0520', 'SIDDHARTH VERMA', 1092, 1, 50, '2015-08-05', '11:47:06', 'cash', '9003724156', 'siddharthverma256@gmail.com', '13MSE0320'),
(7955, '15BEC0520', 'SIDDHARTH VERMA', 1083, 1, 50, '2015-08-05', '11:47:06', 'cash', '9003724156', 'siddharthverma256@gmail.com', '13MSE0320'),
(7956, '15BME0290', 'RIBHVAN', 1117, 1, 50, '2015-08-05', '11:47:09', 'cash', '9717328495', 'ribhvan@gmail.com', '13BEC0784'),
(7957, '15BME0290', 'RIBHVAN', 1059, 1, 100, '2015-08-05', '11:47:09', 'cash', '9717328495', 'ribhvan@gmail.com', '13BEC0784'),
(7958, '15BCE0367', 'PRATEEK GOEL', 1148, 1, 50, '2015-08-05', '11:47:17', 'cash', '9942371956', 'goelprateek5@gmail.com', '13BPI0041'),
(7959, '15BPI0061', 'SUSHRUT DESHPANDE', 1060, 1, 100, '2015-08-05', '11:47:23', 'cash', '9820068738', 'sush950@gmail.com', '13BCH0018'),
(7960, '15BCE0753', 'VIBOR RAWAT', 1006, 1, 150, '2015-08-05', '11:47:33', 'cash', '9790527362', 'vibhor.rawat21@gmail.com', '13BEC0396'),
(7961, '15BME0160', 'AAKASH BHATT', 1011, 1, 200, '2015-08-05', '11:48:00', 'cash', '9790030784', 'BHATTAAKASH97@GMAIL.COM', '13BCB0012'),
(7962, '15BME0160', 'AAKASH BHATT', 1006, 1, 150, '2015-08-05', '11:48:00', 'cash', '9790030784', 'BHATTAAKASH97@GMAIL.COM', '13BCB0012'),
(7963, '15BME0160', 'AAKASH BHATT', 1117, 1, 50, '2015-08-05', '11:48:00', 'cash', '9790030784', 'BHATTAAKASH97@GMAIL.COM', '13BCB0012'),
(7964, '15BME0160', 'AAKASH BHATT', 1028, 1, 600, '2015-08-05', '11:48:00', 'cash', '9790030784', 'BHATTAAKASH97@GMAIL.COM', '13BCB0012'),
(7965, '15BEC0671', 'TARANG KHURANA', 1124, 1, 50, '2015-08-05', '11:49:13', 'cash', '9654196297', 'tarangkhurana27@gmail.com', '13BEC0784'),
(7966, '15BCE0916', 'KRISHNA KARTIK', 1077, 1, 100, '2015-08-05', '11:49:55', 'cash', '9790640547', 'krishnakartik1@gmail.com', '13BEC0396'),
(7967, '15BCE0519', 'RAJESH KUMAR SINGH', 1077, 1, 100, '2015-08-05', '11:50:18', 'cash', '9790057393', 'rksjadon786@gmail.com', '13BCH0018'),
(7968, '15BCE0519', 'RAJESH KUMAR SINGH', 1125, 1, 50, '2015-08-05', '11:50:18', 'cash', '9790057393', 'rksjadon786@gmail.com', '13BCH0018'),
(7969, '15BMA0007', 'PRABHAT KHETARPAL', 1127, 1, 150, '2015-08-05', '11:51:08', 'cash', '9585601096', 'PRABHATKHETARPAL97@GMAIL.COM', '13BCB0012'),
(7970, '15BIT0095', 'KRISHAK CHOUKHANY', 1015, 1, 150, '2015-08-05', '11:52:42', 'cash', '9874085445', 'krishakchoukhary@gmail.com', '13BCE0398'),
(7971, '15BIT0095', 'KRISHAK CHOUKHANY', 1012, 1, 200, '2015-08-05', '11:52:42', 'cash', '9874085445', 'krishakchoukhary@gmail.com', '13BCE0398'),
(7972, '15BIT0095', 'KRISHAK CHOUKHANY', 1044, 1, 150, '2015-08-05', '11:52:42', 'cash', '9874085445', 'krishakchoukhary@gmail.com', '13BCE0398'),
(7973, '15MIS0119', 'BOREDDY PARAMESWARA REDDY', 1163, 1, 50, '2015-08-05', '11:53:15', 'cash', '9790091460', 'BOREDDYPARAMESH@GMAIL.COM', '13BCB0012'),
(7974, '13BME0471', 'VIGNESH R', 1006, 1, 150, '2015-08-05', '11:53:16', 'cash', '9566895495', 'vignehravi13@gmail.com', '13MSE0358'),
(7975, '13BME0471', 'VIGNESH R', 1011, 1, 200, '2015-08-05', '11:53:16', 'cash', '9566895495', 'vignehravi13@gmail.com', '13MSE0358'),
(7976, '15BEC0520', 'SIDDHARTH VERMA', 1172, 1, 50, '2015-08-05', '11:53:58', 'cash', '9003724156', 'siddharthverma@gmail.com', '13MSE0320'),
(7977, '15BEC0520', 'SIDDHARTH VERMA', 1170, 1, 50, '2015-08-05', '11:53:58', 'cash', '9003724156', 'siddharthverma@gmail.com', '13MSE0320'),
(7978, '15BEC0520', 'SIDDHARTH VERMA', 1011, 1, 200, '2015-08-05', '11:53:58', 'cash', '9003724156', 'siddharthverma@gmail.com', '13MSE0320'),
(7979, '15BEC0520', 'SIDDHARTH VERMA', 1060, 1, 100, '2015-08-05', '11:53:58', 'cash', '9003724156', 'siddharthverma@gmail.com', '13MSE0320'),
(7980, '15BEC0520', 'SIDDHARTH VERMA', 1111, 1, 50, '2015-08-05', '11:53:58', 'cash', '9003724156', 'siddharthverma@gmail.com', '13MSE0320'),
(7981, '15MIS0373', 'SMD WASIM', 1163, 1, 50, '2015-08-05', '11:55:03', 'cash', '9790092454', 'WASIMDHONI007@GMAIL.COM', '13BCB0012'),
(7982, '15BEC0316', 'MANAV CHAUDHRY', 1126, 1, 100, '2015-08-05', '11:56:23', 'cash', '9871049188', 'manav0555@gmail.com', '13MSE0320'),
(7983, '15BBT0290', 'VARUN GUPTA', 1148, 1, 50, '2015-08-05', '11:57:19', 'cash', '9790609952', 'gvarun1997@gmail.com', '13BCL0329'),
(7984, '15BME0544', 'HARIPRASAD K', 1032, 1, 200, '2015-08-05', '11:57:22', 'cash', '9544085268', 'hp1997hariprasad@gmail.com', '13BEC0784'),
(7985, '15BME0544', 'HARIPRASAD K', 1013, 1, 150, '2015-08-05', '11:57:22', 'cash', '9544085268', 'hp1997hariprasad@gmail.com', '13BEC0784'),
(7986, '15BEC0663', 'V KRISHNA ADITHYA', 1049, 1, 50, '2015-08-05', '11:57:22', 'cash', '8643003005', 'KRISHNAVADITHYA@GMAIL.COM', '13BCB0012'),
(7987, '15BEC0663', 'V KRISHNA ADITHYA', 1011, 1, 200, '2015-08-05', '11:57:22', 'cash', '8643003005', 'KRISHNAVADITHYA@GMAIL.COM', '13BCB0012'),
(7988, '15BEC0899', 'NEELESHAM BHASIM', 1049, 1, 50, '2015-08-05', '11:57:36', 'cash', '9003763997', 'neelesham.bhasim2015@vit.ac.in', '13BPI0041'),
(7989, '15BEC0899', 'NEELESHAM BHASIM', 1011, 1, 200, '2015-08-05', '11:57:36', 'cash', '9003763997', 'neelesham.bhasim2015@vit.ac.in', '13BPI0041'),
(7990, '15BCE0256', 'DIVYASHA', 1034, 1, 200, '2015-08-05', '11:58:49', 'cash', '9790024265', 'divyashaselina7@gmail.com', '13BCE0280'),
(7991, '15BME0708', 'TERESA SABU', 1145, 1, 50, '2015-08-06', '12:00:02', 'cash', '9629139861', 'TERESA.SABU@GMAIL.COM', '13BCB0012'),
(7992, '15BME0708', 'TERESA SABU', 1034, 1, 200, '2015-08-06', '12:00:02', 'cash', '9629139861', 'TERESA.SABU@GMAIL.COM', '13BCB0012'),
(7993, '15BCE0148', 'VARDAAN MITTAL', 1077, 1, 100, '2015-08-06', '12:00:32', 'cash', '9790045774', 'mittal_vardaan@rediffmail.com', '13MSE0320'),
(7994, '15BME0323', 'ARIZUL ISLAM', 1015, 1, 150, '2015-08-06', '12:01:11', 'cash', '9163852828', 'arry2749@gmail.com', '13BCE0398'),
(7995, '15BCE0170', 'MRIDUL AGRAWAL', 1148, 1, 50, '2015-08-06', '12:01:24', 'cash', '9003819418', 'agrawalmridul10@gmail.com', '13BEC0396'),
(7996, '15BEC0753', 'PRATIBHA BALAJI', 1034, 1, 200, '2015-08-06', '12:01:29', 'cash', '9884586196', 'BALAJIPRATIBHA@GMAIL.COM', '13BCB0012'),
(7997, '15BEC0753', 'PRATIBHA BALAJI', 1145, 1, 50, '2015-08-06', '12:01:29', 'cash', '9884586196', 'BALAJIPRATIBHA@GMAIL.COM', '13BCB0012'),
(7998, '15BCE0362', 'MUDIT GUPTA', 1077, 1, 100, '2015-08-06', '12:01:45', 'cash', '9003708823', 'mudgpt@gmail.com', '13MSE0320'),
(7999, '15BME0316', 'Divyanshu', 1124, 1, 50, '2015-08-06', '12:02:47', 'cash', '9843630897', 'divyanshukmar08@gmail.com', '13BCL0150'),
(8000, '15BCL0144', 'NATHANAEL MARK LAWRENCE', 1049, 1, 50, '2015-08-06', '12:02:50', 'cash', '9840694510', 'lawrencenathanael11@gmail.com', '13BCH0018'),
(8001, '15BIT0199', 'VAIBHAV KAKKAR', 1077, 1, 100, '2015-08-06', '12:02:54', 'cash', '9790041030', 'vaibhav.kakkar97@gmail.com', '13MSE0320'),
(8002, '15BEC0453', 'B NITIN NATARAJ', 1073, 1, 100, '2015-08-06', '12:03:36', 'cash', '9003727344', 'ntin97nataraj1@gmail.com', '13BPI0041'),
(8003, '15BEM0061', 'Harsh Shah', 1124, 1, 50, '2015-08-06', '12:03:40', 'cash', '9790002647', 'harsh.shah2015@vit.ac.in', '13BCL0150'),
(8004, '15BEC0753', 'RACHEL GEORGE', 1068, 1, 100, '2015-08-06', '12:03:53', 'cash', '9003738678', 'RACHELGEORGE272@GMAIL.COM', '13BCB0012'),
(8005, '15BCE2011', 'ANUBHUTI SINHA', 1119, 1, 100, '2015-08-06', '12:04:19', 'cash', '9003733159', 'elegant.anubhuti@gmail.com', '13BCH0018'),
(8006, '15BCL0078', 'Raj Parikh', 1124, 1, 50, '2015-08-06', '12:04:35', 'cash', '9790605411', 'raj.parikh2015@vit.ac.in', '13BCL0150'),
(8007, '15BME0616', 'ARCHIT GARG', 1077, 1, 100, '2015-08-06', '12:05:00', 'cash', '9790064457', 'archit.11.ag@gmail.com', '13BEC0784'),
(8008, '15BEC0318', 'VARUN PRAKASH', 1124, 1, 50, '2015-08-06', '12:05:09', 'cash', '9003779833', 'varum.prakash2015@vit.ac.in', '13BPI0041'),
(8009, '15BME0769', 'SANYAM KAKKAR', 1077, 1, 100, '2015-08-06', '12:05:21', 'cash', '9790040620', 'sanyamkakkar555@gmail.com', '13MSE0320'),
(8010, '14BME0806', 'MOHD. GHAZALI', 1108, 1, 50, '2015-08-06', '12:05:31', 'cash', '8148217040', 'mohdghazali2801@gmail.com', '13BEC0396'),
(8011, '15BCE0319', 'Manan Barjatya', 1124, 1, 50, '2015-08-06', '12:05:39', 'cash', '9790003863', 'manan.barjatya2015@vit.ac.in', '13BCL0150'),
(8012, '15BME0375', 'KIRON MATHEW', 1044, 1, 150, '2015-08-06', '12:06:02', 'cash', '9790058663', 'kiron761@gmail.com', '13BCL0329'),
(8013, '15BEC0092', 'PRAJJWAL PATLE', 1044, 1, 150, '2015-08-06', '12:06:28', 'cash', '9003723867', 'prajjwalyash@gmail.com', '13BCH0018'),
(8014, '15BCH0091', 'VISHNU GOPAKUMAR', 1124, 1, 50, '2015-08-06', '12:07:09', 'cash', '9087026916', 'vishnu.gopakumar2015@vit.ac.in', '13BPI0041'),
(8015, '15BCE0200', 'Ashish Goel', 1127, 1, 150, '2015-08-06', '12:07:50', 'cash', '9790078759', 'ashish.goel2015@vit.ac.in', '13BCL0150'),
(8016, '15BEC0651', 'SHIVAM MEHTA', 1124, 1, 50, '2015-08-06', '12:08:32', 'cash', '8274996195', 'shivam.mehta28@gmail.com', '13BPI0041'),
(8017, '15BCL0325', 'Danish Khan', 1048, 1, 250, '2015-08-06', '12:08:43', 'cash', '9003673800', 'danishkhan1705@yahoo.com', '13BCL0150'),
(8018, '15BME0722', 'BHUPATHIRAJU HARSHITH', 1127, 1, 150, '2015-08-06', '12:08:49', 'cash', '8985293739', 'bbr_vipl@hotmail.com', '13BCH0018'),
(8019, '15BME0722', 'BHUPATHIRAJU HARSHITH', 1013, 1, 150, '2015-08-06', '12:08:49', 'cash', '8985293739', 'bbr_vipl@hotmail.com', '13BCH0018'),
(8020, '15BIT0310', 'SAUMAY KHANDELWAL', 1011, 1, 200, '2015-08-06', '12:08:52', 'cash', '9486547137', 'khandelwalsaumay@gmail.com', '13BEC0396'),
(8021, '15BEC0334', 'ASHWIN CHIDAMBARAM', 1073, 1, 100, '2015-08-06', '12:09:25', 'cash', '9841644273', 'ashwin.chidambaram2015@vit.ac.in', '13BCL0329'),
(8022, '15BME0617', 'YASH  ADLAKHA', 1148, 1, 50, '2015-08-06', '12:10:10', 'cash', '9999916268', 'yashadlakha98@gmail.com', '13BPI0041'),
(8023, '15BEC0388', 'VISHAL DAS', 1130, 1, 40, '2015-08-06', '12:11:47', 'cash', '9003665325', 'bikram.das111994@gmail.com', '13BCL0329'),
(8024, '15BPI0031', 'NEEL SUNIL THAKKAR', 1016, 1, 100, '2015-08-06', '12:12:10', 'cash', '8888037772', 'neelthakkar3@gmail.com', '13BEC0396'),
(8025, '15BCL0245', 'Daksh Kumar', 1011, 1, 200, '2015-08-06', '12:12:20', 'cash', '9003737403', 'daksh.bainsla@gmail.com', '13BCL0150'),
(8026, '15BEC0932', 'ISHUPREET KAUR', 1108, 1, 50, '2015-08-06', '12:12:25', 'cash', '9599225387', 'NAVPREET.KAUR636@GMAIL.COM', '13BCB0012'),
(8027, '15BEC0932', 'ISHUPREET KAUR', 1018, 1, 200, '2015-08-06', '12:12:25', 'cash', '9599225387', 'NAVPREET.KAUR636@GMAIL.COM', '13BCB0012'),
(8028, '15BEC0932', 'ISHUPREET KAUR', 1118, 1, 50, '2015-08-06', '12:12:25', 'cash', '9599225387', 'NAVPREET.KAUR636@GMAIL.COM', '13BCB0012'),
(8029, '15BEC0358', 'SURYA RAJA SAGI', 1047, 1, 300, '2015-08-06', '12:12:48', 'cash', '9985335555', 'suryarajasagi@gmail.com', '13BCH0018'),
(8030, '15BME0687', 'ADITYA CHUG', 1148, 1, 50, '2015-08-06', '12:12:59', 'cash', '9585585837', 'adityachug21@gmail.com', '13BPI0041'),
(8031, '14BCE0896', 'KARTHIK KRISHNAMOORTHY', 1017, 1, 450, '2015-08-06', '12:14:19', 'cash', '9944206311', 'KUKAR91296@GMAIL.COM', '13BCB0012'),
(8032, '15BCL0269', 'Sartaj Singh', 1006, 1, 150, '2015-08-06', '12:14:47', 'cash', '9790008801', 'sartaj.singh2015@vit.ac.in', '13BCL0150'),
(8033, '15BCL0269', 'Sartaj Singh', 1147, 1, 35, '2015-08-06', '12:14:47', 'cash', '9790008801', 'sartaj.singh2015@vit.ac.in', '13BCL0150'),
(8034, '15BEC0705', 'PINAPATHULA ASHOK', 1047, 1, 300, '2015-08-06', '12:15:08', 'cash', '9003718714', 'ashokpinapathula@gmail.com', '13BCH0018'),
(8035, '15BME0130', 'SIVARAMA KRISHNA CHINTALA', 1011, 1, 200, '2015-08-06', '12:15:50', 'cash', '9790609702', 'sivaramchintala97@gmail.com', '13BPI0041'),
(8036, '15BME0272', 'ROHIT GOSWAMI', 1011, 1, 200, '2015-08-06', '12:15:55', 'cash', '8056924284', 'G.ROHIT.GOSWAMI@GMAIL.COM', '13BCB0012'),
(8037, '15BME0272', 'ROHIT GOSWAMI', 1127, 1, 150, '2015-08-06', '12:15:55', 'cash', '8056924284', 'G.ROHIT.GOSWAMI@GMAIL.COM', '13BCB0012'),
(8038, '15BCL0186', 'Chitra Raj Singh', 1147, 1, 35, '2015-08-06', '12:15:56', 'cash', '7354990104', 'chitraraj.singhchowhan2015@vit.ac.in', '13BCL0150'),
(8039, '15BEC0318', 'VARUN PRAKASH', 1125, 1, 50, '2015-08-06', '12:16:48', 'cash', '9003779833', 'varun.prakash2015@vit.ac.in', '13BCH0018'),
(8040, '15BAM0040', 'R RAHUL', 1152, 1, 100, '2015-08-06', '12:16:48', 'cash', '8675350902', 'rahul_ravi14@icloud.com', '13BEC0396'),
(8041, '15BIT0109', 'VINIT ACHARYA', 1049, 1, 50, '2015-08-06', '12:17:03', 'cash', '9898376111', 'vinitacharya8@gmail.com', '13BPI0041'),
(8042, '15BCL0190', 'Ishan Gupta', 1147, 1, 35, '2015-08-06', '12:17:04', 'cash', '9003740033', 'ishan.gupta2015@vit.ac.in', '13BCL0150'),
(8043, '15BME0970', 'RAKSHIT BHAT', 1011, 1, 200, '2015-08-06', '12:17:28', 'cash', '9003707136', 'RBHAT1997@GMAIL.COM', '13BCB0012'),
(8044, '15BME0359', 'AKASH SHARMA', 1125, 1, 50, '2015-08-06', '12:18:02', 'cash', '9087023882', 'akash.sharma2015@vit.in', '13BCL0329'),
(8045, '15BCL0036', 'Sujay H M', 1024, 1, 100, '2015-08-06', '12:18:15', 'cash', '9790062104', 'sujayh.m2015@vit.ac.in', '13BCL0150'),
(8046, '15BCL0036', 'Sujay H M', 1057, 1, 400, '2015-08-06', '12:18:15', 'cash', '9790062104', 'sujayh.m2015@vit.ac.in', '13BCL0150'),
(8047, '15BEC0720', 'ABHIMANYU SINGH RAJAWAT', 1124, 1, 50, '2015-08-06', '12:18:45', 'cash', '9003752930', 'abhimanyusingh.rajawat2015@vit.ac.in', '13BEC0396'),
(8048, '15BCL0109', 'SHRIYANSH S SAHU', 1057, 1, 400, '2015-08-06', '12:18:48', 'cash', '8870880101', 'shriyanshsahu45@gmail.com', '13BCH0018'),
(8049, '15BCE0403', 'DHANUR SUKHIJA', 1011, 1, 200, '2015-08-06', '12:19:05', 'cash', '9585431239', 'DHANUR125@GMAIL.COM', '13BCB0012'),
(8050, '15BEC0164', 'MAYANK LIJHARA', 1124, 1, 50, '2015-08-06', '12:19:40', 'cash', '9650131256', 'mayanklijhara@gmail.com', '13BCL0329'),
(8051, '15BEC0818', 'TEJASWINI GOTTIPATY', 1068, 1, 100, '2015-08-06', '12:19:44', 'cash', '9790080936', 'tejaswinigottipaty@gmail.com', '13BPI0041'),
(8052, '15BEC0270', 'PARTH NAIR', 1013, 1, 150, '2015-08-06', '12:20:18', 'cash', '9003771714', 'parthnair73@gmail.com', '13BCH0018'),
(8053, '15BME0817', 'KARAN SRIVASTAVA', 1011, 1, 200, '2015-08-06', '12:20:30', 'cash', '9585601176', 'SRIKARAN1306@GMAIL.COM', '13BCB0012'),
(8054, '15BEC0009', 'PRATYUSH GOEL', 1124, 1, 50, '2015-08-06', '12:20:34', 'cash', '9942390660', 'pgoel1020@gmail.com', '13BEC0396'),
(8055, '15BEC0021', 'SHIVAM JAIN', 1124, 1, 50, '2015-08-06', '12:20:59', 'cash', '8098476099', 'shivam.jain2015@vit.ac.in', '13BCL0329'),
(8056, '15BEC0448', 'SHUBHAM SINGH', 1013, 1, 150, '2015-08-06', '12:21:47', 'cash', '9003798811', 'singh.shubham1610@gmail.com', '13BCH0018'),
(8057, '15BEC0851', 'PRASAD JAIN', 1124, 1, 50, '2015-08-06', '12:22:09', 'cash', '8504977705', 'prasad.jain2015@vit.ac.in', '13BEC0396'),
(8058, '15BEC0280', 'AMAN KUMAR', 1160, 1, 50, '2015-08-06', '12:22:09', 'cash', '7042060870', 'aman95kumar@gmail.com', '13BCL0329'),
(8059, '15BEC0448', 'SHUBHAM SINGH', 1160, 1, 50, '2015-08-06', '12:23:26', 'cash', '9003798811', 'singh.shubham1610@gmail.com', '13BEC0396'),
(8060, '15MMT0002', 'GARUD ROHIT SUDAMRAO', 1017, 1, 450, '2015-08-06', '12:23:34', 'cash', '9790648667', 'rohit.garuda99@gmail.com', '13BCL0329'),
(8061, '15BEC0096', 'MOHIT KUMAR DUNDU', 1013, 1, 150, '2015-08-06', '12:26:26', 'cash', '9003732808', 'mohit_dundu@yahoo.co.in', '13BCH0018'),
(8062, '15BEC0047', 'ABHPSA PANDA', 1013, 1, 150, '2015-08-06', '12:27:37', 'cash', '9003729268', 'pandaabhipsa28@gmail.com', '13BCH0018'),
(8063, '15BEC0280', 'AMAN KUMAR', 1013, 1, 150, '2015-08-06', '12:28:25', 'cash', '7042060870', 'aman95kumar@gmail.com', '13BCH0018'),
(8064, '15BCL0245', 'DAKSH KUMAR', 1148, 1, 50, '2015-08-06', '12:29:36', 'cash', '9003737403', 'daksh.bainsla@gmail.com', '13BCH0018'),
(8065, '15BCL0245', 'DAKSH KUMAR', 1124, 1, 50, '2015-08-06', '12:29:36', 'cash', '9003737403', 'daksh.bainsla@gmail.com', '13BCH0018'),
(8066, '15BCL0324', 'SHUBHAM SARAOGI', 1148, 1, 50, '2015-08-06', '12:30:49', 'cash', '9790051928', 'shubham.saraogi25@rediffmail.com', '13BCH0018'),
(8067, '15BME0434', 'SAHIL PARIKH', 1011, 1, 200, '2015-08-06', '12:31:48', 'cash', '8238377681', 'sahilparikh2307@gmail.com', '13BCH0018'),
(8068, '15BEC0064', 'PRATEEK GANGWAR', 1049, 1, 50, '2015-08-06', '12:32:46', 'cash', '9585603585', 'prateek.gangwar2015@vit.ac.in', '13BCH0018'),
(8069, '15BEE0098', 'RAJARSHI BHATTACHARYA', 1060, 1, 100, '2015-08-06', '12:36:35', 'cash', '9003852114', 'rajarshib4@gmail.com', '13BCH0018'),
(8070, '15BCL0041', 'SAYAN CHOWDHARY', 1008, 1, 300, '2015-08-06', '12:37:46', 'cash', '9051029200', 'sayan96.dps@gmail.com', '13BCH0018'),
(8071, '15BCE0628', 'SIDDHARTH BHARGAVA', 1128, 1, 50, '2015-08-06', '11:30:48', 'cash', '7043137701', 'siddharth.bhargava@gmail.com', '13BCE0756'),
(8072, '15BCE0313', 'PARTH BHARDWAJ', 1128, 1, 50, '2015-08-06', '11:31:05', 'cash', '9790636538', 'parth647@gmail.com', '13BCE0607'),
(8073, '15BEC0235', 'ESHAN ', 1128, 1, 50, '2015-08-06', '11:31:27', 'cash', '9619093290', 'nahse11@gmail.com', '12BIT0060'),
(8074, '15BME2071', 'VIDHAN SONAR', 1128, 1, 50, '2015-08-06', '11:31:33', 'cash', '9827024195', 'vidhanr9661@gmail.com', '13BEC0784'),
(8075, '15BME0825', 'ISHAAN KUMAR', 1128, 1, 50, '2015-08-06', '11:32:24', 'cash', '9003741906', 'ishaan.chd.ik@gmail.com', '13BCE0607'),
(8076, '15BEC0149', 'AYUSH KHANNA', 1128, 1, 50, '2015-08-06', '11:33:06', 'cash', '7259269924', 'ayush6khanna@gmail.com', '13BEC0784'),
(8077, '15BME0045', 'VARUN RAMESH', 1128, 1, 50, '2015-08-06', '11:34:10', 'cash', '9790014309', 'varunrams@gmail.com', '13BEC0784'),
(8078, '15BME0348', 'DONTAM SETTI SATYA SAI KRISHNA', 1085, 1, 50, '2015-08-06', '11:34:59', 'cash', '9585588359', 'satyasai235@gmail.com', '13MSE0320'),
(8079, '15BCL0257', 'POTHURI MEHER ABHISHEK VARMA', 1085, 1, 50, '2015-08-06', '11:36:12', 'cash', '9087028588', 'meherabhishekvarma@gmail.com', '13BEC0784'),
(8080, '15BME0308', 'EDA VINAY KUMAR', 1085, 1, 50, '2015-08-06', '11:36:44', 'cash', '9490923014', 'eedavinaykumar075@gmail.com', '13MSE0320'),
(8081, '15BEC0681', 'GANGADASARI CHANDRA REDDY', 1085, 1, 50, '2015-08-06', '11:37:27', 'cash', '9790067258', 'umeshcreddy@gmail.com', '13BEC0784'),
(8082, '15BME0856', 'DOKUPARTHI BHANU KIRAN', 1085, 1, 50, '2015-08-06', '11:38:23', 'cash', '9790088640', 'kiran.kittu1997@gmail.com', '13MSE0320'),
(8083, '15BEC0247', 'TUDURU VARUN RAJ', 1085, 1, 50, '2015-08-06', '11:38:40', 'cash', '9790057543', 'tuduruvarunraj@gmail.com', '13BEC0784'),
(8084, '15BCE0267', 'KARIREDDY SREE VEDA SAMHITHA', 1128, 1, 50, '2015-08-06', '11:39:42', 'cash', '9790027017', 'samhithasweety1997@gmail.com', '13BCE0265'),
(8085, '15BEC0091', 'MAHANKALI CHAITANYA', 1085, 1, 50, '2015-08-06', '11:39:42', 'cash', '9003744479', 'chaitumahankali12@gmail.com', '13BEC0784'),
(8086, '15BMA0024', 'SAMAIJEET SHARMA', 1128, 1, 50, '2015-08-06', '11:40:10', 'cash', '9585586889', 'samaijeet_1997@outlook.com', '13BCE0607'),
(8087, '15BME0204', 'MANU SHREE KALRA', 1185, 1, 50, '2015-08-06', '11:43:24', 'cash', '9997423230', 'manushree.kalra2015@vit.ac.in', '13BEC0240'),
(8088, '15BBT0026', 'SHRUTHI VENKAT', 1128, 1, 50, '2015-08-06', '11:43:41', 'cash', '7401391215', 'shruthivenkat97@yahoo.co.in', '13BEC0454'),
(8089, '14BEE0235', 'HARVIR SINGH', 1159, 1, 50, '2015-08-06', '11:44:07', 'cash', '8940452351', 'harvir77@gmail.com', '13MSE0320'),
(8090, '15BBT0189', 'POOJA SHANKAR', 1128, 1, 50, '2015-08-06', '11:45:07', 'cash', '9790016400', 'poojas0123@yahoo.co.in', '13BEC0454'),
(8091, '15BCE0389', 'TANMAAY SAXENA', 1128, 1, 50, '2015-08-06', '11:45:11', 'cash', '9445916831', 'tanmaay.saxena@gmail.com', '13BEC0784'),
(8092, '14BEC0396', 'ADIT PENDAM', 1159, 1, 50, '2015-08-06', '11:46:18', 'cash', '9944658745', 'friendly.adit@gmail.com', '13MSE0320'),
(8093, '15BBT0200', 'AKANSHA NEHRA', 1128, 1, 50, '2015-08-06', '11:47:39', 'cash', '9719900957', 'nehraakansha97@gmail.com', '13BEC0454'),
(8094, '15BCE0220', 'MEHAK SOOD', 1128, 1, 50, '2015-08-06', '11:47:43', 'cash', '9886287050', 'mehak1997@gmail.com', '13BEC0784'),
(8095, '15BIT0007', 'ANENDHU SREEKUMAR', 1101, 1, 50, '2015-08-06', '11:47:46', 'cash', '9890957999', 'anendu.sreekumar123@gmail.com', '13BEC0240'),
(8096, '14BEC0270', 'PARTH P NAIR', 1128, 1, 50, '2015-08-06', '11:48:08', 'cash', '9003779714', 'parth.nair73@gmail.com', '13MSE0320'),
(8097, '15BBT0232', 'VARUN CHOPRA', 1128, 1, 50, '2015-08-06', '11:48:55', 'cash', '9003760822', 'chopra9705@gmail.com', '13BEC0454'),
(8098, '15BIT0083', 'TEJA', 1101, 1, 50, '2015-08-06', '11:48:55', 'cash', '9790611008', 'mtejaheeshini@gmail.com', '13BEC0240'),
(8099, '15BEC0448', 'SHUBHAM SINGH', 1128, 1, 50, '2015-08-06', '11:49:23', 'cash', '9003798811', 'singh.shubham1610@gmail.com', '13MSE0320'),
(8100, '15BEC0133', 'TRISHA SEN', 1128, 1, 50, '2015-08-06', '11:49:41', 'cash', '8527664428', 'trisha.sen6696@gmail.com', '13BEC0784'),
(8101, '15BEC0054', 'ARPITA DUTTA', 1128, 1, 50, '2015-08-06', '11:51:02', 'cash', '9003728893', 'arpitadutta857@gmail.com', '13BEC0784'),
(8102, '15BCE0392', 'LAKSHYA GARG', 1185, 1, 50, '2015-08-06', '11:51:27', 'cash', '8094060649', 'lakshya.garg.97@gmail.com', '13BEC0454'),
(8103, '15BCE0218', 'TIRUMALASETTY HARSHA SAI', 1128, 1, 50, '2015-08-06', '11:51:41', 'cash', '9494807575', 'harshasai471@gmail.com', '13BCE0265'),
(8104, '15BME0376', 'DESHPRABHU RAJENDRA', 1026, 1, 1500, '2015-08-06', '11:52:01', 'cash', '9698918897', 'higgsbisin08@gmail.com', '13BEC0240'),
(8105, '15BME0869', 'ANKUSH', 1013, 1, 150, '2015-08-06', '11:53:58', 'cash', '9578583783', 'ankush.taori3@gmail.com', '13BCE0607'),
(8106, '15BIT0262', 'SANYAM JAIN', 1128, 1, 50, '2015-08-06', '11:54:37', 'cash', '9769696703', 'sanyam.jain2015@vit.ac.in', '13BCB0012'),
(8107, '15BBT0189', 'POOJA SHANKAR', 1185, 1, 50, '2015-08-06', '11:54:37', 'cash', '9790016400', 'poojas0123@yahoo.com', '13BEC0240'),
(8108, '15BEC0047', 'ABHIPSA PANDE', 1128, 1, 50, '2015-08-06', '11:55:06', 'cash', '9003729268', 'pandaabhipsa288@gmail.com', '13BEC0784'),
(8109, '15BIT0095', 'KRISHAK CHOUKHANY', 1185, 1, 50, '2015-08-06', '11:55:18', 'cash', '9874085445', 'krishakchoukhany@gmail.com', '13BCE0679'),
(8110, '15BCE0317', 'SOMDUTTA UKIL', 1128, 1, 50, '2015-08-06', '11:55:29', 'cash', '9790021323', 'somduttaukil@yahoo.co.in', '13BCE0265'),
(8111, '15BEC0429', 'LAKSITH TANDON', 1128, 1, 50, '2015-08-06', '11:55:35', 'cash', '9585415900', 'LAKSHTTANDN@gmail.com', '12BIT0060'),
(8112, '15BBT0026', 'SHRUTI VENKAT', 1185, 1, 50, '2015-08-06', '11:55:41', 'cash', '7401391215', 'shrutivenkat97@yahoo.co.in', '13BEC0240'),
(8113, '15BME2051', 'CHINMAY KHANDELWAL', 1185, 1, 50, '2015-08-06', '11:55:43', 'cash', '8269899999', 'chinmaykhandelwal281197@gmail.com', '13BCE0280'),
(8114, '15BCE0200', 'ASHISH GOEL', 1185, 1, 50, '2015-08-06', '11:56:05', 'cash', '9790078759', 'ashish.goel2015@vit.ac.in', '13BEC0454'),
(8115, '15BEC0861', 'PRIYASHA  AGARWAL', 1159, 1, 50, '2015-08-06', '11:56:11', 'cash', '9790025211', 'agarwalpriyasha687@gmail.com', '13MSE0320'),
(8116, '15BEC0125', 'KAISHAV JINDIA', 1156, 1, 100, '2015-08-06', '11:57:11', 'cash', '7404500238', 'keshav.jindia0143@gmail.com', '13BEC0240'),
(8117, '15BCE2011', 'ANUBHUTI SINHA', 1159, 1, 50, '2015-08-06', '11:58:48', 'cash', '9003733159', 'elegant.anubhuti@gmail.com', '13MSE0320'),
(8118, '15BBT0200', 'AKANSH ANEHRA', 1185, 1, 50, '2015-08-06', '11:59:06', 'cash', '9719900957', 'nehraakansksha97@gmail.com', '13BEC0240'),
(8119, '15BEC0899', 'NEEKSHAM BHASIM', 1159, 1, 50, '2015-08-06', '12:00:22', 'cash', '9003763997', 'neeksham.bhasin2015@vit.ac.in', '13MSE0320'),
(8120, '15BME0626', 'KAARTHICK RAHUL.S', 1095, 1, 50, '2015-08-06', '12:01:52', 'cash', '9790250454', 'karthickrahul.s2015@vit.ac.in', '13BCB0012'),
(8121, '15BCE0573', 'RISHABH MAHESHWARI', 1185, 1, 50, '2015-08-06', '12:02:04', 'cash', '9953955442', 'rishabhmaheshwari901@gmail.com', '13BEC0454'),
(8122, '15BEC0243', 'UTKARSH JHA', 1128, 1, 50, '2015-08-06', '12:02:18', 'cash', '9003760839', 'utkarshajhaji@gmail.com', '13BCE0265'),
(8123, '15BME0954', 'PARTH PARSWAL', 1185, 1, 50, '2015-08-06', '12:02:31', 'cash', '9585588689', 'parth.parswal27@gmail.com', '13BCE0280'),
(8124, '15BME0323', 'ARIZUL ISLAM', 1185, 1, 50, '2015-08-06', '12:03:05', 'cash', '9163852828', 'arry2749@gmail.com', '13BCE0679'),
(8125, '15BEC0225', 'ROnIT YADAN', 1095, 1, 50, '2015-08-06', '12:03:12', 'cash', '7568115035', 'ronit42yadav@gmail.com', '13BEC0240'),
(8126, '15BEC0225', 'ROnIT YADAN', 1156, 1, 100, '2015-08-06', '12:03:12', 'cash', '7568115035', 'ronit42yadav@gmail.com', '13BEC0240'),
(8127, '15BCE0776', 'SHREYANSH SHARMA', 1185, 1, 50, '2015-08-06', '12:04:03', 'cash', '9977776644', 'shreyansh21sharma@gmail.com', '13BCE0280'),
(8128, '15BCE0390', 'JATIN PATWA', 1129, 1, 0, '2015-08-06', '12:04:12', 'cash', '9790086674', 'jatin.patwa2015@vit.ac.in', '13BCL0329'),
(8129, '15BCE0390', 'JATIN PATWA', 1153, 1, 50, '2015-08-06', '12:04:12', 'cash', '9790086674', 'jatin.patwa2015@vit.ac.in', '13BCL0329'),
(8130, '15BCE0390', 'JATIN PATWA', 1156, 1, 100, '2015-08-06', '12:04:12', 'cash', '9790086674', 'jatin.patwa2015@vit.ac.in', '13BCL0329'),
(8131, '15BCE0390', 'JATIN PATWA', 1099, 1, 50, '2015-08-06', '12:04:12', 'cash', '9790086674', 'jatin.patwa2015@vit.ac.in', '13BCL0329'),
(8132, '15BME0334', 'KAVINGEETHAN.K', 1095, 1, 50, '2015-08-06', '12:05:42', 'cash', '9944608638', 'k.kavingeethan2015@vit.ac.in', '13BCB0012'),
(8133, '15BEC0125', 'KAISHAV JINDIA', 1095, 1, 50, '2015-08-06', '12:06:10', 'cash', '7404500238', 'keshav.jindia0143@gmail.com', '13BEC0240'),
(8134, '15BEC0663', 'V KRISHNA ADITHYA', 1159, 1, 50, '2015-08-06', '12:07:49', 'cash', '8643003005', 'krishnavadithya@gmail.com', '13MSE0320'),
(8135, '15BCE2050', 'SUVITHA WILSON', 1101, 1, 50, '2015-08-06', '12:09:07', 'cash', '0942820839', 'suvithawilson@yahoo.com', '13BEC0784'),
(8136, '15BCE2050', 'SUVITHA WILSON', 1039, 1, 300, '2015-08-06', '12:09:07', 'cash', '0942820839', 'suvithawilson@yahoo.com', '13BEC0784'),
(8137, '15BCE0968', 'ANMOL SRIVASTAVA', 1129, 1, 0, '2015-08-06', '12:09:57', 'cash', '9585585414', 'anmolsrivastava79@yahoo.com', '13BCL0329'),
(8138, '15BEC0343', 'BUSETTY LAKSHMI LOKESH', 1085, 1, 50, '2015-08-06', '12:10:53', 'cash', '9003755684', 'busettylokesh97@gmail.com', '13BEC0454'),
(8139, '15BCE0630', 'DEBOSHREE SARKAR', 1129, 1, 0, '2015-08-06', '12:11:21', 'cash', '9790616254', 'deboshreemantu@gmail.com', '13BCL0329'),
(8140, '15BEC0137', 'KONDEPATI SAI CHARIT', 1085, 1, 50, '2015-08-06', '12:12:40', 'cash', '9790098960', 'kondepaticharit@gmail.com', '13BCE0265'),
(8141, '13BEE0283', 'SHUBHAM SHARMA', 1128, 1, 50, '2015-08-06', '12:12:50', 'cash', '8744923207', 'sharma.shubham859@gmail.com', '13BEC0604'),
(8142, '13BME0325', 'KARAN PRANAV DALAL', 1156, 1, 100, '2015-08-06', '12:13:23', 'cash', '9712789899', 'karan_dalal@yahoo.com', '13MSE0320'),
(8143, '15BEE0081', 'PRANAV SETHI', 1128, 1, 50, '2015-08-06', '12:13:25', 'cash', '9003745522', 'prannasethi@gmail.com', '13BCL0329'),
(8144, '15BCE0573', 'RISHABH MAHESHWARI', 1111, 1, 50, '2015-08-06', '12:13:30', 'cash', '9953955442', 'rishabhmaheshwari901@gmail.com', '13BEC0454'),
(8145, '15BBT0175', 'KANTA GODARA', 1084, 1, 50, '2015-08-06', '12:15:23', 'cash', '9983148932', 'kantangodara@gmail.com', '13BCB0012'),
(8146, '15BCE0602', 'ARPIT JAIN', 1128, 1, 50, '2015-08-06', '12:15:39', 'cash', '9585405825', 'arpitjain.rav@gmail.com', '12BIT0060'),
(8147, '15BBT0094', 'RITIKA SHANKER', 1128, 1, 50, '2015-08-06', '12:15:45', 'cash', '9003706150', 'ritikashank@gmail.com', '13BCE0280'),
(8148, '15BEC0658', 'MOHD ZUHAIB', 1128, 1, 50, '2015-08-06', '12:16:10', 'cash', '9942393301', 'zuhaibisrarkhan@gmail.com', '13BCE0679'),
(8149, '15BME2050', 'RAUNAV CHITKARA', 1128, 1, 50, '2015-08-06', '12:16:12', 'cash', '9880259210', 'raunavchitkara@gmail.com', '13BEC0454'),
(8151, '15BCE0325', 'AKANSHI SRIVASTAVA', 1124, 1, 50, '2015-08-06', '12:16:23', 'cash', '9585435370', 'akanshi32@gmail.com', '13BEC0396'),
(8152, '15BCE0325', 'AKANSHI SRIVASTAVA', 1128, 1, 50, '2015-08-06', '12:16:23', 'cash', '9585435370', 'akanshi32@gmail.com', '13BEC0396'),
(8153, '15BCE0486', 'HARSHIT MITTAL', 1156, 1, 100, '2015-08-06', '12:16:32', 'cash', '9003725413', 'harshitmittal163@yahoo.com', '13BEC0240'),
(8154, '15BCE0486', 'HARSHIT MITTAL', 1045, 1, 200, '2015-08-06', '12:16:32', 'cash', '9003725413', 'harshitmittal163@yahoo.com', '13BEC0240'),
(8155, '13BEE0180', 'ARYAN RAJ SINGH', 1128, 1, 50, '2015-08-06', '12:18:18', 'cash', '9711489358', 'smart.aryanraj@gmail.com', '13BEC0604'),
(8156, '15BME0817', 'KARAN SRIVASTAVA', 1128, 1, 50, '2015-08-06', '12:18:46', 'cash', '9585601176', 'srikaran1306@gmail.com', '13BEC0396'),
(8157, '15BEC0243', 'UTKARSH JHA', 1099, 1, 50, '2015-08-06', '12:18:58', 'cash', '9876543210', 'utkarshjhaji@gmail.com', '13BEC0240'),
(8158, '15BME0787', 'RAJHANS PRASAD', 1128, 1, 50, '2015-08-06', '12:19:01', 'cash', '9880259210', 'raunavchitkara@gmail.com', '13BEC0454'),
(8159, '15BME0275', 'GOSWAMI REGALBHARTHI', 1185, 1, 50, '2015-08-06', '12:21:22', 'cash', '9790036034', 'regalcompucare@gmail.com', '13BCL0329'),
(8160, '15BEE0081', 'PRANAV SETHI', 1099, 1, 50, '2015-08-06', '12:21:49', 'cash', '9003745522', 'prannasethi@gmail.com', '13BEC0240'),
(8161, '15BEC0720', 'ABHIMANYU SINGH', 1185, 1, 50, '2015-08-06', '12:22:07', 'cash', '9003752930', 'abhimanyusingh.rajawat2015@vit.ac.in', '13BEC0396'),
(8162, '15BME0952', 'SACHIN MENON', 1128, 1, 50, '2015-08-06', '12:22:30', 'cash', '9656104810', '1sachinmenon1@gmail.com', '13BCE0280'),
(8164, '15BEC0164', 'MAYANK LIJHARA', 1185, 1, 50, '2015-08-06', '12:23:38', 'cash', '9650131256', 'mayanklijhara@gmail.com', '13BEC0396'),
(8165, '15BME0541', 'NAMIT MUNJAR', 1128, 1, 50, '2015-08-06', '12:23:57', 'cash', '9858883656', 'namitmunjar1@gmail.com', '13BEC0240'),
(8166, '15BME0316', 'DIVYANSHU', 1185, 1, 50, '2015-08-06', '12:24:24', 'cash', '9843630897', 'divyanshukumar08@gmail.com', '13BCL0329'),
(8167, '15BEC0057', 'VAISHALI SHUKLA', 1084, 1, 50, '2015-08-06', '12:24:52', 'cash', '9003715990', 'vaishalishukla824@yahoo.in', '13BCB0012'),
(8168, '15BCE0309', 'URJA MEHTA', 1084, 1, 50, '2015-08-06', '12:25:00', 'cash', '9585428747', 'urjamehta02@gmail.com', '13BCB0012'),
(8169, '15BEC0851', 'PRASAD JAIN', 1185, 1, 50, '2015-08-06', '12:26:08', 'cash', '8504977705', 'prasad.jain2015@vit.ac.in', '13BEC0396'),
(8170, '15BME0787', 'RAJHANS PRAHLAD PRASAD', 1026, 1, 1500, '2015-08-06', '12:27:21', 'cash', '9003698969', 'prahladrajhans@gmail.com', '13MSE0320'),
(8171, '15BCL0141', 'GOLAJAPU TRINAYAM', 1085, 1, 50, '2015-08-06', '12:27:30', 'cash', '8333948489', 'trinayam.golajapu@gmail.com', '13BCE0265'),
(8172, '15BEC0531', 'VIVEK SHOKEEN', 1128, 1, 50, '2015-08-06', '12:27:35', 'cash', '9790070239', 'VIVEKSHOKEEN97@GMAIL.COM', '12BIT0060'),
(8173, '15BCE0766', 'SAGAR GOEL', 1129, 1, 0, '2015-08-06', '12:27:53', 'cash', '9873897464', 'sagargoel12@yahoo.in', '13BCL0329'),
(8174, '15BCE0732', 'ARPIT PURI', 1129, 1, 0, '2015-08-06', '12:29:27', 'cash', '9003762475', 'puriarpit@gmail.com', '13BCL0329'),
(8175, '15BEC0674', 'MAYANIPREETHAM REDDY', 1067, 1, 150, '2015-08-06', '12:30:39', 'cash', '7893938565', 'preetham.727@gmail.com', '13BEC0396'),
(8176, '15BCE0174', 'SHLOK SHAH', 1185, 1, 50, '2015-08-06', '12:31:50', 'cash', '9790087188', 'shlokshah18@gmail.com', '13BCE0280'),
(8177, '15BEC0482', 'Narayanam Sampath Kumar', 1085, 1, 50, '2015-08-06', '12:32:06', 'cash', '9790632321', 'sampathnarayanam@gmail.com', '13BCB0012'),
(8178, '15BME0647', 'PRIYANSHU', 1032, 1, 200, '2015-08-06', '12:32:12', 'cash', '8122667831', 'priyanshu.gangwar2015@gmail.com', '13MSE0320'),
(8179, '15BME0647', 'PRIYANSHU', 1095, 1, 50, '2015-08-06', '12:32:12', 'cash', '8122667831', 'priyanshu.gangwar2015@gmail.com', '13MSE0320'),
(8180, '15BEM0139', 'AYUSHI PRABHAKAR', 1128, 1, 50, '2015-08-06', '12:32:16', 'cash', '9585584561', 'contactayusiprabhakar@gmail.com', '13BEC0240');
INSERT INTO `internal_registration` (`id`, `regno`, `name`, `event_id`, `team`, `price`, `date`, `time`, `rrno`, `phno`, `email`, `cord_login`) VALUES
(8181, '15BCE0353', 'RAGHAV MAHAJAN ', 1017, 1, 450, '2015-08-06', '12:32:17', 'cash', '8728825411', 'mahajanraghav58@gmail.com', '13BCE0607'),
(8182, '15BME2068', 'HIMANSHU AGARWAL', 1128, 1, 50, '2015-08-06', '12:32:28', 'cash', '9790034813', 'aghemu962@gmail.com', '12BIT0060'),
(8183, '15BCL0277', 'AMBIKA PRIYADARSHINI', 1022, 1, 400, '2015-08-06', '12:32:34', 'cash', '9003752285', 'ambikapriyadarshini26@gmail.com', '13BEC0454'),
(8184, '15BEC0662', 'GAUTHAM R GOKUL', 1067, 1, 150, '2015-08-06', '12:32:40', 'cash', '9884287717', 'megagauth360@gmail.com', '13BEC0396'),
(8185, '15BEC0764', 'UNNATI  AGGARWAL', 1128, 1, 50, '2015-08-06', '12:32:49', 'cash', '9087026220', 'unnatiaggarwal13@gmail.com', '13BCE0280'),
(8186, '15BME0914', 'RAJDEEP SINGH', 1128, 1, 50, '2015-08-06', '12:33:40', 'cash', '8756058888', 'rajdeepsinghrajput@gmail.com', '13BCE0679'),
(8187, '15BEC0471', 'TANYA BANSAL', 1128, 1, 50, '2015-08-06', '12:33:41', 'cash', '9003727719', 'tanyabansal19@gmail.com', '13BEC0784'),
(8188, '15BCL0338', 'N VARUN KUMAR', 1182, 1, 100, '2015-08-06', '12:33:52', 'cash', '9790056199', 'nkvarun.kumar@gmail.com', '13MSE0320'),
(8189, '15BCL0338', 'N VARUN KUMAR', 1128, 1, 50, '2015-08-06', '12:33:52', 'cash', '9790056199', 'nkvarun.kumar@gmail.com', '13MSE0320'),
(8190, '15BCE0140', 'AKSHEM MALIK', 1099, 1, 50, '2015-08-06', '12:34:53', 'cash', '9790070118', 'akmalik.malik876@gmail.com', '13BEC0604'),
(8191, '15BEC0663', 'V KRISHNA ADITHYA', 1067, 1, 150, '2015-08-06', '12:35:15', 'cash', '8643003005', 'krishnavadithya@gmail.com', '13BEC0396'),
(8192, '15BEC0633', 'Kachireddy Sai Hemanth Kumar Reddy', 1085, 1, 50, '2015-08-06', '12:35:30', 'cash', '9790067012', 'hemanhjpr2097@gmail.com', '13BCB0012'),
(8193, '15BEC0083', 'ANUBHAV KALIA', 1128, 1, 50, '2015-08-06', '12:35:32', 'cash', '9003722679', 'anubhavkalia17@gmail.com', '13BEC0784'),
(8194, '15BEC0483', 'SIDDHARTH TYAGI', 1095, 1, 50, '2015-08-06', '12:35:43', 'cash', '9585419455', 'styagi130@gmail.com', '13MSE0320'),
(8195, '15BEC0116', 'HRITHIK GOYAL', 1128, 1, 50, '2015-08-06', '12:36:42', 'cash', '9585334782', 'goyalhrithik49@gmail.com', '13BEC0784'),
(8196, '15BEC0543', 'Kshitij Srivastava', 1026, 1, 1500, '2015-08-06', '12:37:30', 'cash', '9003769049', 'kshitijsrivastava2597@gmail.com', '13BCB0012'),
(8197, '15BEC0325', 'DEEPAN DHINGRA', 1128, 1, 50, '2015-08-06', '12:38:33', 'cash', '8968069687', 'deepandhingra14@gmail.com', '13BEC0396'),
(8198, '13BCE0806', 'GANTI RAMYA', 1185, 1, 50, '2015-08-06', '12:38:44', 'cash', '8220580953', 'ramya.996@gmail.com', '13BCL0329'),
(8199, '15BEE0115', 'UDBHAV SHARMA', 1185, 1, 50, '2015-08-06', '12:39:53', 'cash', '9425510047', 'sharma_udbhav@yahoo.co.in', '13BEC0396'),
(8200, '15BEE0115', 'UDBHAV SHARMA', 1124, 1, 50, '2015-08-06', '12:39:53', 'cash', '9425510047', 'sharma_udbhav@yahoo.co.in', '13BEC0396'),
(8201, '15BEM0061', 'HARSH SHAH', 1128, 1, 50, '2015-08-06', '12:40:05', 'cash', '9790002647', 'harsh.shah2015@vit.ac.in', '13BEC0454'),
(8202, '15BEC0741', 'MADHUR SATIJA', 1128, 1, 50, '2015-08-06', '12:40:43', 'cash', '9790011209', 'me@madhursatija.in', '13BEC0784'),
(8203, '15BEC0064', 'PRATEEK GANGWAR', 1128, 1, 50, '2015-08-06', '12:42:16', 'cash', '9585603585', 'prateek.gangwar2015@vit.ac.in', '13BEC0784'),
(8204, '15BEE0027', 'DEVANSH AGARWAL', 1185, 1, 50, '2015-08-06', '12:42:28', 'cash', '8052080808', 'devu.a2007@gmail.com', '13BEC0396'),
(8205, '15BEE0027', 'DEVANSH AGARWAL', 1124, 1, 50, '2015-08-06', '12:42:28', 'cash', '8052080808', 'devu.a2007@gmail.com', '13BEC0396'),
(8206, '15BCE0363', 'APOORV ABHISHEK', 1044, 1, 150, '2015-08-06', '12:42:28', 'cash', '8297019465', 'apo1397@yahoo.co.in', '13BEC0604'),
(8207, '15BCE0363', 'APOORV ABHISHEK', 1172, 1, 50, '2015-08-06', '12:42:28', 'cash', '8297019465', 'apo1397@yahoo.co.in', '13BEC0604'),
(8208, '15BCE0363', 'APOORV ABHISHEK', 1011, 1, 200, '2015-08-06', '12:42:28', 'cash', '8297019465', 'apo1397@yahoo.co.in', '13BEC0604'),
(8209, '15BCE0363', 'APOORV ABHISHEK', 1099, 1, 50, '2015-08-06', '12:42:28', 'cash', '8297019465', 'apo1397@yahoo.co.in', '13BEC0604'),
(8210, '15BCL0078', 'RAJ PARIKH', 1128, 1, 50, '2015-08-06', '12:43:11', 'cash', '9790605411', 'raj.parikh2015@vit.ac.in', '13BEC0454'),
(8211, '15BCE0204', 'Govind S', 1185, 1, 50, '2015-08-06', '12:44:31', 'cash', '8508696116', 'govind.s2015@vit.ac.in', '13BCB0012'),
(8212, '15BIT0122', 'SHREYA AKHOURI', 1101, 1, 50, '2015-08-06', '12:44:45', 'cash', '9162262444', 'shreya22mareh@gmail.com', '13BCL0329'),
(8213, '15BCL0073', 'KARAN', 1128, 1, 50, '2015-08-06', '12:45:06', 'cash', '9003853034', 'karansingla4@gmail.com', '13BEC0240'),
(8214, '15BEE0082', 'MAHIMA GOYER', 1101, 1, 50, '2015-08-06', '12:46:04', 'cash', '9873666315', 'mahimagoyer@gmail.com', '13BCL0329'),
(8215, '14BCE0336', 'TUSHAR NARULA', 1142, 1, 50, '2015-08-06', '12:46:24', 'cash', '9952520833', 'tushar.narula17@live.com', '13BEC0604'),
(8216, '15BBT0142', 'RIDDHI SRIVASTAVA', 1022, 1, 400, '2015-08-06', '12:46:50', 'cash', '9003706196', 'riddhisrivastava565@gmail.com', '13BCE0679'),
(8217, '15BCE0403', 'DHANUR ', 1128, 1, 50, '2015-08-06', '12:46:52', 'cash', '9585431237', 'dhanur125@gmail.com', '13BEC0240'),
(8218, '15BEE0155', 'SHUBHAM NARULA', 1185, 1, 50, '2015-08-06', '12:47:39', 'cash', '8056847709', 'shubhhhhM@GMAIL.COM', '13BEC0396'),
(8219, '15BEE0155', 'SHUBHAM NARULA', 1124, 1, 50, '2015-08-06', '12:47:39', 'cash', '8056847709', 'shubhhhhM@GMAIL.COM', '13BEC0396'),
(8220, '15BEC0665', 'NAVNEET CHAUDHARY', 1128, 1, 50, '2015-08-06', '12:48:08', 'cash', '9003750484', 'navneet_c9@gmail.com', '13BEC0240'),
(8221, '15BPI0064', 'SNEHAV SHARMA', 1128, 1, 50, '2015-08-06', '12:49:14', 'cash', '9790039473', 'snehav99@gmail.com', '13BEC0240'),
(8222, '15BEC0318', 'VARUN PRAKASH', 1156, 1, 100, '2015-08-06', '12:51:40', 'cash', '9003779833', 'varun.prakash2015@vit.ac.in', '13BCE0679'),
(8223, '15BBT0037', 'SIDARTH KUMARAN', 1128, 1, 50, '2015-08-06', '12:51:43', 'cash', '9895150000', 'sidarthkumaran@yahoo.com', '13BPI0041'),
(8224, '15BCE0757', 'BHAVYE SHARMA', 1185, 1, 50, '2015-08-06', '12:52:03', 'cash', '9790614715', 'bhavye.sharma2015@vit.ac.in', '13BCB0012'),
(8225, '15BEC0752', 'RITESH RAJ', 1006, 1, 150, '2015-08-06', '12:52:15', 'cash', '9445823726', 'riteshraj04@gmail.com', '13BCE0607'),
(8226, '15BEC0752', 'RITESH RAJ', 1049, 1, 50, '2015-08-06', '12:52:15', 'cash', '9445823726', 'riteshraj04@gmail.com', '13BCE0607'),
(8227, '15BEC0651', 'SHIVAM MEHTA', 1156, 1, 100, '2015-08-06', '12:52:43', 'cash', '8274996195', 'shivam.mehta28@gmail.com', '13BCE0679'),
(8228, '15BEC0520', 'SIDDHARTH VERMA', 1128, 1, 50, '2015-08-06', '12:56:19', 'cash', '9003724156', 'siddharthverma256@gmail.com', '13BCE0607'),
(8229, '15BEC0520', 'SIDDHARTH VERMA', 1153, 1, 50, '2015-08-06', '12:56:19', 'cash', '9003724156', 'siddharthverma256@gmail.com', '13BCE0607'),
(8230, '15BEC0520', 'SIDDHARTH VERMA', 1085, 1, 50, '2015-08-06', '12:56:19', 'cash', '9003724156', 'siddharthverma256@gmail.com', '13BCE0607'),
(8231, '15BEC0520', 'SIDDHARTH VERMA', 1173, 1, 50, '2015-08-06', '12:56:19', 'cash', '9003724156', 'siddharthverma256@gmail.com', '13BCE0607'),
(8232, '15BEC0191', 'KANAPARTHY DHEERAJ REDDY', 1085, 1, 50, '2015-08-06', '12:57:55', 'cash', '9003757483', 'dheerajreddykanaparthy397@gmail.com', '13BCE0607'),
(8233, '15BEC0606', 'NAMAN ARORA', 1128, 1, 50, '2015-08-06', '12:58:09', 'cash', '9004631644', 'arora.naman@outlook.com', '13BCB0012'),
(8234, '15BME0101', 'MAYANK BHARDWAJ', 1060, 1, 100, '2015-08-06', '12:59:23', 'cash', '9953535250', 'mbhardwaj848@outlook.com', '13BEC0784'),
(8235, '15BME0101', 'MAYANK BHARDWAJ', 1122, 1, 50, '2015-08-06', '12:59:23', 'cash', '9953535250', 'mbhardwaj848@outlook.com', '13BEC0784'),
(8236, '15BME0101', 'MAYANK BHARDWAJ', 1172, 1, 50, '2015-08-06', '12:59:23', 'cash', '9953535250', 'mbhardwaj848@outlook.com', '13BEC0784'),
(8237, '15BME0101', 'MAYANK BHARDWAJ', 1127, 1, 150, '2015-08-06', '12:59:23', 'cash', '9953535250', 'mbhardwaj848@outlook.com', '13BEC0784'),
(8238, '15BME0101', 'MAYANK BHARDWAJ', 1135, 1, 50, '2015-08-06', '12:59:23', 'cash', '9953535250', 'mbhardwaj848@outlook.com', '13BEC0784'),
(8239, '15BME0101', 'MAYANK BHARDWAJ', 1125, 1, 50, '2015-08-06', '12:59:23', 'cash', '9953535250', 'mbhardwaj848@outlook.com', '13BEC0784'),
(8240, '15BME0101', 'MAYANK BHARDWAJ', 1013, 1, 150, '2015-08-06', '12:59:23', 'cash', '9953535250', 'mbhardwaj848@outlook.com', '13BEC0784'),
(8241, '15BME0101', 'MAYANK BHARDWAJ', 1148, 1, 50, '2015-08-06', '12:59:23', 'cash', '9953535250', 'mbhardwaj848@outlook.com', '13BEC0784'),
(8242, '15BCL0136', 'RAJAT GUPTA', 1147, 1, 35, '2015-08-06', '12:59:29', 'cash', '9790041139', 'rajatgupta3101197@rediffmail.com', '13BPI0041'),
(8243, '15BME0544', 'HARIPRASAD K', 1105, 1, 75, '2015-08-06', '01:00:11', 'cash', '9544085268', 'hp1997hariprasad@gmail.com', '13BCE0607'),
(8244, '15BCL0176', 'KARTIK SUNDER', 1128, 1, 50, '2015-08-06', '01:00:27', 'cash', '9585332055', 'kartikmesun@rediff.com', '13BCB0012'),
(8245, '15BEC0280', 'AMAN KUMAR', 1128, 1, 50, '2015-08-06', '01:01:15', 'cash', '7042060870', 'aman95kumar@gmail.com', '13BCE0607'),
(8246, '15BME0827', 'NINAD RAHATE', 1147, 1, 35, '2015-08-06', '01:01:23', 'cash', '9790016123', 'ninad.rahate@gmai.com', '13BPI0041'),
(8247, '15BEC0096', 'MOHIT KUMAR DUNDU', 1128, 1, 50, '2015-08-06', '01:02:13', 'cash', '9003732808', 'mohit_dundu@yahoo.co.in', '13BCE0607'),
(8248, '15BME0683', 'A.P. PRODHYUMA', 1098, 1, 50, '2015-08-06', '01:02:31', 'cash', '9843398533', 'pradhyu.anand@gmail.com', '13BCB0012'),
(8249, '15BME0799', 'SINGH SHUBHAM VIJAY', 1147, 1, 35, '2015-08-06', '01:03:32', 'cash', '8793716781', 'SHUBHAMVSINGH@YAHOO.COM', '13BPI0041'),
(8250, '15BME0979', 'SHUBHAM KHARE', 1128, 1, 50, '2015-08-06', '01:04:19', 'cash', '9003752675', 'shubhangk7@gmail.com', '13BCB0012'),
(8251, '15BME0160', 'AAKASH KALPESH', 1128, 1, 50, '2015-08-06', '01:05:58', 'cash', '9790030784', 'bhattaakash97@gmail.com', '13BCB0012'),
(8252, '15BME0915', 'RISHI BHARADWAJ', 1128, 1, 50, '2015-08-06', '01:09:55', 'cash', '8879629380', 'r.rishi.bharadwaj@gmail.com', '13BCB0012'),
(8253, '15BIT0062', 'ATHARVA KULKARNI', 1128, 1, 50, '2015-08-06', '01:11:39', 'cash', '9833455500', 'atharvakulkarni.2015@vit.ac.in', '13BCB0012'),
(8254, '15BCE0622', 'KUNAL SHARMA', 1128, 1, 50, '2015-08-06', '01:13:07', 'cash', '9585437411', 'kunalsharma151196@gmail.com', '13BCB0012'),
(8257, '15MIS0131', 'KARNA ALAGARSAMY P A B', 1047, 1, 300, '2015-08-07', '10:24:22', 'cash', '9787722674', 'pab.karna.alagar@gmail.com', '13BEC0784'),
(8258, '15BMA0038', 'SNEHIL MENDIRATTA', 1011, 1, 200, '2015-08-07', '10:27:23', 'cash', '9790053506', 'snehdeep_singh@rediffmail.com', '13BEC0784'),
(8259, '15BMA0038', 'SNEHIL MENDIRATTA', 1129, 1, 0, '2015-08-07', '10:27:23', 'cash', '9790053506', 'snehdeep_singh@rediffmail.com', '13BEC0784'),
(8260, '15BMA0072', 'KANKIPATI DHEERAJ', 1129, 1, 0, '2015-08-07', '10:30:58', 'cash', '9003704229', 'dheeraj.varma59@gmail.com', '13BEC0784'),
(8261, '15BMA0048', 'AKSHAY PUNDIR', 1011, 1, 200, '2015-08-07', '10:55:29', 'cash', '7078889993', 'apakshaypundir82@gmail.com', '13BEC0784'),
(8262, '15BMA0048', 'AKSHAY PUNDIR', 1129, 1, 0, '2015-08-07', '10:55:29', 'cash', '7078889993', 'apakshaypundir82@gmail.com', '13BEC0784'),
(8263, '15BIT0260', 'SHIKHAR SAXENA', 1129, 1, 0, '2015-08-07', '11:17:30', 'cash', '9935945744', 'shikharsaxena1996@gmail.com', '13BEC0784'),
(8264, '15BIT0251', 'MRINAL JAIN', 1052, 1, 100, '2015-08-07', '11:20:34', 'cash', '9790006205', 'mrinaljain007@gmail.com', '13BEC0784'),
(8265, '15BIT0251', 'MRINAL JAIN', 1033, 1, 100, '2015-08-07', '11:20:34', 'cash', '9790006205', 'mrinaljain007@gmail.com', '13BEC0784'),
(8266, '15BIT0251', 'MRINAL JAIN', 1050, 1, 100, '2015-08-07', '11:20:34', 'cash', '9790006205', 'mrinaljain007@gmail.com', '13BEC0784'),
(8267, '15BIT0251', 'MRINAL JAIN', 1025, 1, 600, '2015-08-07', '11:20:34', 'cash', '9790006205', 'mrinaljain007@gmail.com', '13BEC0784'),
(8269, '15BCE0249', 'KARAN AGARWAL', 1045, 1, 200, '2015-08-07', '11:28:54', 'cash', '9790053092', 'karan.agarwal2015@vit.ac.in', '13BEC0784'),
(8270, '15BCE0249', 'KARAN AGARWAL', 1038, 1, 1000, '2015-08-07', '11:28:54', 'cash', '9790053092', 'karan.agarwal2015@vit.ac.in', '13BEC0784'),
(8271, '15BCE0249', 'KARAN AGARWAL', 1011, 1, 200, '2015-08-07', '11:28:54', 'cash', '9790053092', 'karan.agarwal2015@vit.ac.in', '13BEC0784'),
(8272, '15BCE0249', 'KARAN AGARWAL', 1127, 1, 150, '2015-08-07', '11:28:54', 'cash', '9790053092', 'karan.agarwal2015@vit.ac.in', '13BEC0784'),
(8273, '15BIT0101', 'SHUBHAM MANDAL', 1011, 1, 200, '2015-08-07', '11:32:16', 'cash', '9790069702', 'shubham.mandal2015@vit.ac.in', '13BEC0784'),
(8274, '15BIT0101', 'SHUBHAM MANDAL', 1043, 1, 100, '2015-08-07', '11:32:16', 'cash', '9790069702', 'shubham.mandal2015@vit.ac.in', '13BEC0784'),
(8275, '15BIT0101', 'SHUBHAM MANDAL', 1078, 1, 50, '2015-08-07', '11:32:16', 'cash', '9790069702', 'shubham.mandal2015@vit.ac.in', '13BEC0784'),
(8276, '15BIT0101', 'SHUBHAM MANDAL', 1048, 1, 250, '2015-08-07', '11:32:16', 'cash', '9790069702', 'shubham.mandal2015@vit.ac.in', '13BEC0784'),
(8277, '15BIT0101', 'SHUBHAM MANDAL', 1129, 1, 0, '2015-08-07', '11:32:16', 'cash', '9790069702', 'shubham.mandal2015@vit.ac.in', '13BEC0784'),
(8278, '15BIT0101', 'SHUBHAM MANDAL', 1024, 1, 100, '2015-08-07', '11:32:16', 'cash', '9790069702', 'shubham.mandal2015@vit.ac.in', '13BEC0784'),
(8279, '15BCE0746', 'ARPAN SARKAR', 1024, 1, 100, '2015-08-07', '11:35:00', 'cash', '9003855133', 'arpan.sarkar2015@vit.ac.in', '13BEC0784'),
(8280, '15BCE0746', 'ARPAN SARKAR', 1048, 1, 250, '2015-08-07', '11:35:00', 'cash', '9003855133', 'arpan.sarkar2015@vit.ac.in', '13BEC0784'),
(8281, '15BCE0746', 'ARPAN SARKAR', 1046, 1, 100, '2015-08-07', '11:35:00', 'cash', '9003855133', 'arpan.sarkar2015@vit.ac.in', '13BEC0784'),
(8282, '15BCE0746', 'ARPAN SARKAR', 1049, 1, 50, '2015-08-07', '11:35:00', 'cash', '9003855133', 'arpan.sarkar2015@vit.ac.in', '13BEC0784'),
(8283, '15BCE0746', 'ARPAN SARKAR', 1078, 1, 50, '2015-08-07', '11:35:00', 'cash', '9003855133', 'arpan.sarkar2015@vit.ac.in', '13BEC0784'),
(8284, '15BCE0746', 'ARPAN SARKAR', 1129, 1, 0, '2015-08-07', '11:35:00', 'cash', '9003855133', 'arpan.sarkar2015@vit.ac.in', '13BEC0784'),
(8285, '15BCE0746', 'ARPAN SARKAR', 1011, 1, 200, '2015-08-07', '11:35:00', 'cash', '9003855133', 'arpan.sarkar2015@vit.ac.in', '13BEC0784'),
(8286, '15BCE0746', 'ARPAN SARKAR', 1006, 1, 150, '2015-08-07', '11:35:00', 'cash', '9003855133', 'arpan.sarkar2015@vit.ac.in', '13BEC0784'),
(8287, '15BIT0249', 'SAHIL BANKA', 1129, 1, 0, '2015-08-07', '11:37:40', 'cash', '8447622327', 'sahilbanka2@gmail.com', '13BEC0784'),
(8288, '15BIT0249', 'SAHIL BANKA', 1052, 1, 100, '2015-08-07', '11:37:40', 'cash', '8447622327', 'sahilbanka2@gmail.com', '13BEC0784'),
(8289, '15BIT0249', 'SAHIL BANKA', 1033, 1, 100, '2015-08-07', '11:37:40', 'cash', '8447622327', 'sahilbanka2@gmail.com', '13BEC0784'),
(8290, '15BIT0287', 'VAIBHAV PRAKASH BHATT', 1025, 1, 600, '2015-08-07', '11:41:51', 'cash', '9003718437', 'bhattvaibhav126@gmail.com', '13BEC0784'),
(8291, '15BIT0287', 'VAIBHAV PRAKASH BHATT', 1047, 1, 300, '2015-08-07', '11:41:51', 'cash', '9003718437', 'bhattvaibhav126@gmail.com', '13BEC0784'),
(8292, '15BIT0287', 'VAIBHAV PRAKASH BHATT', 1185, 1, 50, '2015-08-07', '11:41:51', 'cash', '9003718437', 'bhattvaibhav126@gmail.com', '13BEC0784'),
(8293, '15BIT0287', 'VAIBHAV PRAKASH BHATT', 1034, 1, 200, '2015-08-07', '11:41:51', 'cash', '9003718437', 'bhattvaibhav126@gmail.com', '13BEC0784'),
(8294, '15BIT0288', 'JAIMIN KARTIK FOJDAR', 1033, 1, 100, '2015-08-07', '11:44:36', 'cash', '9790014175', 'jfojdar11@gmail.com', '13BEC0784'),
(8295, '15BIT0288', 'JAIMIN KARTIK FOJDAR', 1185, 1, 50, '2015-08-07', '11:44:36', 'cash', '9790014175', 'jfojdar11@gmail.com', '13BEC0784'),
(8296, '15BIT0260', 'SHIKHAR SAXENA', 1185, 1, 50, '2015-08-07', '11:45:50', 'cash', '9935945744', 'shikharsaxena1996@gmail.com', '13BEC0784'),
(8297, '15BBT0178', 'VISVAVELA CHELLIAH NAYAGAM', 1006, 1, 150, '2015-08-07', '11:47:31', 'cash', '9790104872', 'visvela@gmail.com', '13BEC0784'),
(8298, '15BBT0178', 'VISVAVELA CHELLIAH NAYAGAM', 1005, 1, 200, '2015-08-07', '11:47:31', 'cash', '9790104872', 'visvela@gmail.com', '13BEC0784'),
(8299, '15BBT0178', 'VISVAVELA CHELLIAH NAYAGAM', 1128, 1, 50, '2015-08-07', '11:47:31', 'cash', '9790104872', 'visvela@gmail.com', '13BEC0784'),
(8300, '15BBT0168', 'APARNA B', 1125, 1, 50, '2015-08-07', '11:49:55', 'cash', '7708359959', 'aparna.virgo08@gmail.com', '13BEC0784'),
(8301, '15BBT0168', 'APARNA B', 1128, 1, 50, '2015-08-07', '11:49:55', 'cash', '7708359959', 'aparna.virgo08@gmail.com', '13BEC0784'),
(8302, '15BBT0188', 'CHARUNANYAN KAMATH R', 1128, 1, 50, '2015-08-07', '11:51:43', 'cash', '9585587443', 'charunayan@rediffmail.com', '13BEC0784'),
(8303, '15MPE0025', 'DHANRAJSHYAM', 1035, 1, 400, '2015-08-07', '11:59:05', 'cash', '9500252902', 'shyamjck@gmail.com', '13BEC0784'),
(8304, '15MPE0025', 'DHANRAJSHYAM', 1058, 1, 400, '2015-08-07', '11:59:05', 'cash', '9500252902', 'shyamjck@gmail.com', '13BEC0784'),
(8305, '15MPE0025', 'DHANRAJSHYAM', 1124, 1, 50, '2015-08-07', '11:59:05', 'cash', '9500252902', 'shyamjck@gmail.com', '13BEC0784'),
(8306, '15MPE0025', 'DHANRAJSHYAM', 1166, 1, 50, '2015-08-07', '11:59:05', 'cash', '9500252902', 'shyamjck@gmail.com', '13BEC0784'),
(8307, '15MPE0025', 'DHANRAJSHYAM', 1027, 1, 50, '2015-08-07', '11:59:05', 'cash', '9500252902', 'shyamjck@gmail.com', '13BEC0784'),
(8308, '15MPE0025', 'DHANRAJSHYAM', 1168, 1, 100, '2015-08-07', '11:59:05', 'cash', '9500252902', 'shyamjck@gmail.com', '13BEC0784'),
(8309, '15BCE0167', 'VINAYAK SIVA KUMAR', 1004, 1, 200, '2015-08-07', '12:01:43', 'cash', '9481809871', 'sivakumarvinayak@gmail.com', '13BEC0784'),
(8310, '15BCE0167', 'VINAYAK SIVA KUMAR', 1007, 1, 150, '2015-08-07', '12:01:43', 'cash', '9481809871', 'sivakumarvinayak@gmail.com', '13BEC0784'),
(8311, '15BCE0167', 'VINAYAK SIVA KUMAR', 1034, 1, 200, '2015-08-07', '12:01:43', 'cash', '9481809871', 'sivakumarvinayak@gmail.com', '13BEC0784'),
(8312, '15BCE0167', 'VINAYAK SIVA KUMAR', 1117, 1, 50, '2015-08-07', '12:01:43', 'cash', '9481809871', 'sivakumarvinayak@gmail.com', '13BEC0784'),
(8313, '15BCE0167', 'VINAYAK SIVA KUMAR', 1024, 1, 100, '2015-08-07', '12:01:43', 'cash', '9481809871', 'sivakumarvinayak@gmail.com', '13BEC0784'),
(8314, '15BCE0167', 'VINAYAK SIVA KUMAR', 1036, 1, 100, '2015-08-07', '12:01:43', 'cash', '9481809871', 'sivakumarvinayak@gmail.com', '13BEC0784'),
(8315, '15BCE0167', 'VINAYAK SIVA KUMAR', 1077, 1, 100, '2015-08-07', '12:01:43', 'cash', '9481809871', 'sivakumarvinayak@gmail.com', '13BEC0784'),
(8316, '15BCE0516', 'SAURA SAMBIT ACHARYA', 1044, 1, 150, '2015-08-07', '12:04:49', 'cash', '9790645626', 'saura.sambit@gmail.com', '13BEC0784'),
(8317, '15BCE0516', 'SAURA SAMBIT ACHARYA', 1033, 1, 100, '2015-08-07', '12:04:49', 'cash', '9790645626', 'saura.sambit@gmail.com', '13BEC0784'),
(8318, '15BCE0516', 'SAURA SAMBIT ACHARYA', 1129, 1, 0, '2015-08-07', '12:04:49', 'cash', '9790645626', 'saura.sambit@gmail.com', '13BEC0784'),
(8319, '15BCE0516', 'SAURA SAMBIT ACHARYA', 1041, 1, 300, '2015-08-07', '12:04:49', 'cash', '9790645626', 'saura.sambit@gmail.com', '13BEC0784'),
(8320, '15BCE0516', 'SAURA SAMBIT ACHARYA', 1124, 1, 50, '2015-08-07', '12:04:49', 'cash', '9790645626', 'saura.sambit@gmail.com', '13BEC0784'),
(8321, '15BCE0758', 'BADDAM JAITEJ', 1033, 1, 100, '2015-08-07', '12:09:00', 'cash', '9700979794', 'jaib.493@gmail.com', '13BEC0784'),
(8322, '15BCE0758', 'BADDAM JAITEJ', 1049, 1, 50, '2015-08-07', '12:09:00', 'cash', '9700979794', 'jaib.493@gmail.com', '13BEC0784'),
(8323, '15BCE0758', 'BADDAM JAITEJ', 1054, 1, 200, '2015-08-07', '12:09:00', 'cash', '9700979794', 'jaib.493@gmail.com', '13BEC0784'),
(8324, '15BCE0758', 'BADDAM JAITEJ', 1046, 1, 100, '2015-08-07', '12:09:00', 'cash', '9700979794', 'jaib.493@gmail.com', '13BEC0784'),
(8325, '15BCE0758', 'BADDAM JAITEJ', 1022, 1, 400, '2015-08-07', '12:09:00', 'cash', '9700979794', 'jaib.493@gmail.com', '13BEC0784'),
(8326, '15BCE0758', 'BADDAM JAITEJ', 1125, 1, 50, '2015-08-07', '12:09:00', 'cash', '9700979794', 'jaib.493@gmail.com', '13BEC0784'),
(8327, '15BCE0758', 'BADDAM JAITEJ', 1011, 1, 200, '2015-08-07', '12:09:00', 'cash', '9700979794', 'jaib.493@gmail.com', '13BEC0784'),
(8328, '15BCE0758', 'BADDAM JAITEJ', 1035, 1, 400, '2015-08-07', '12:09:00', 'cash', '9700979794', 'jaib.493@gmail.com', '13BEC0784'),
(8329, '15BCE0758', 'BADDAM JAITEJ', 1111, 1, 50, '2015-08-07', '12:09:00', 'cash', '9700979794', 'jaib.493@gmail.com', '13BEC0784'),
(8330, '15BCE0758', 'BADDAM JAITEJ', 1043, 1, 100, '2015-08-07', '12:09:00', 'cash', '9700979794', 'jaib.493@gmail.com', '13BEC0784'),
(8331, '15BCE0758', 'BADDAM JAITEJ', 1052, 1, 100, '2015-08-07', '12:09:00', 'cash', '9700979794', 'jaib.493@gmail.com', '13BEC0784'),
(8332, '15BCE0628', 'SIDDHARTHA BHARGAVA', 1011, 1, 200, '2015-08-07', '12:10:35', 'cash', '7043137701', 'seehrth.bhargava@gmail.com', '13BEC0784'),
(8333, '15BCE0141', 'ASWATH ANANTHASAMY', 1005, 1, 200, '2015-08-07', '12:12:54', 'cash', '9566248323', 'aswathananthasamy@gmail.com', '13BEC0784'),
(8334, '15BCE0141', 'ASWATH ANANTHASAMY', 1006, 1, 150, '2015-08-07', '12:12:54', 'cash', '9566248323', 'aswathananthasamy@gmail.com', '13BEC0784'),
(8335, '15BEI0051', 'ROHAN PRASAD', 1077, 1, 100, '2015-08-07', '12:15:33', 'cash', '8939110824', 'rohanprasad013@gmail.com', '13BEC0784'),
(8336, '15BEI0051', 'ROHAN PRASAD', 1164, 1, 50, '2015-08-07', '12:15:33', 'cash', '8939110824', 'rohanprasad013@gmail.com', '13BEC0784'),
(8337, '15BEI0051', 'ROHAN PRASAD', 1012, 1, 200, '2015-08-07', '12:15:33', 'cash', '8939110824', 'rohanprasad013@gmail.com', '13BEC0784'),
(8338, '15BEI0051', 'ROHAN PRASAD', 1047, 1, 300, '2015-08-07', '12:15:33', 'cash', '8939110824', 'rohanprasad013@gmail.com', '13BEC0784'),
(8339, '15BEI0051', 'ROHAN PRASAD', 1009, 1, 0, '2015-08-07', '12:15:33', 'cash', '8939110824', 'rohanprasad013@gmail.com', '13BEC0784'),
(8340, '15BEC0048', 'ADITYA HARSH', 1060, 1, 100, '2015-08-07', '02:25:41', 'cash', '9475735158', 'adityaharsh96@gmail.com', '13BBT0058'),
(8341, '15BCH0069', 'RAJAT MISHRA', 1060, 1, 100, '2015-08-07', '02:27:04', 'cash', '9585397277', 'rajatmishra897@gmail.com', '13BBT0058'),
(8342, '15BME0745', 'ASHUTOSH BISANI', 1060, 1, 100, '2015-08-07', '02:28:17', 'cash', '8469157700', 'bisaniashutosh@gmail.com', '13BBT0058'),
(8343, '15BCB0071', 'ABHYUDAYA PANDEY', 1060, 1, 100, '2015-08-07', '02:29:41', 'cash', '9793605669', 'pabhyudaya@gmail.com', '13BBT0058'),
(8344, '15BEC0048', 'ADITYA HARSH', 1161, 1, 50, '2015-08-07', '02:38:03', 'cash', '9475735158', 'adityaharsh96@gmail.com', '13BBT0058'),
(8345, '15BEC0048', 'ADITYA HARSH', 1128, 1, 50, '2015-08-07', '02:38:03', 'cash', '9475735158', 'adityaharsh96@gmail.com', '13BBT0058'),
(8346, '15BEC0048', 'ADITYA HARSH', 1080, 1, 80, '2015-08-07', '02:38:03', 'cash', '9475735158', 'adityaharsh96@gmail.com', '13BBT0058'),
(8347, '15BCH0069', 'RAJAT MISHRA', 1161, 1, 50, '2015-08-07', '02:39:35', 'cash', '9585397277', 'rajatmishra897@gmail.com', '13BBT0058'),
(8348, '15BCH0069', 'RAJAT MISHRA', 1080, 1, 80, '2015-08-07', '02:39:35', 'cash', '9585397277', 'rajatmishra897@gmail.com', '13BBT0058'),
(8349, '15BCH0069', 'RAJAT MISHRA', 1128, 1, 50, '2015-08-07', '02:39:35', 'cash', '9585397277', 'rajatmishra897@gmail.com', '13BBT0058'),
(8350, '15BME0745', 'ASHUTOSH BISANI', 1161, 1, 50, '2015-08-07', '02:41:44', 'cash', '8469157700', 'bisaniashutosh@gmail.com', '13BBT0058'),
(8351, '15BME0745', 'ASHUTOSH BISANI', 1080, 1, 80, '2015-08-07', '02:41:44', 'cash', '8469157700', 'bisaniashutosh@gmail.com', '13BBT0058'),
(8352, '15BME0745', 'ASHUTOSH BISANI', 1128, 1, 50, '2015-08-07', '02:41:44', 'cash', '8469157700', 'bisaniashutosh@gmail.com', '13BBT0058'),
(8353, '15BCH0019', 'ABHISHEK KUMAR', 1009, 1, 0, '2015-08-07', '02:43:11', 'cash', '9585588435', 'abhishek.kumar2015b@vit.ac.in', '13BBT0058'),
(8354, '15BCB0071', 'ABHYUDAYA PANDEY', 1161, 1, 50, '2015-08-07', '02:44:54', 'cash', '9793605669', 'pabhyudaya@gmail.com', '13BBT0058'),
(8355, '15BCB0071', 'ABHYUDAYA PANDEY', 1080, 1, 80, '2015-08-07', '02:44:54', 'cash', '9793605669', 'pabhyudaya@gmail.com', '13BBT0058'),
(8356, '15BCB0071', 'ABHYUDAYA PANDEY', 1128, 1, 50, '2015-08-07', '02:44:54', 'cash', '9793605669', 'pabhyudaya@gmail.com', '13BBT0058'),
(8357, '15BCE0762', 'PRITTHISH CHATTOPADHYAY', 1029, 1, 100, '2015-08-07', '02:56:29', 'cash', '9475237845', 'pritthish123@gmail.com', '13BBT0058'),
(8358, '15BCE0762', 'PRITTHISH CHATTOPADHYAY', 1033, 1, 100, '2015-08-07', '02:56:29', 'cash', '9475237845', 'pritthish123@gmail.com', '13BBT0058'),
(8359, '15BCE0762', 'PRITTHISH CHATTOPADHYAY', 1041, 1, 300, '2015-08-07', '02:56:29', 'cash', '9475237845', 'pritthish123@gmail.com', '13BBT0058'),
(8360, '15BCE0762', 'PRITTHISH CHATTOPADHYAY', 1050, 1, 100, '2015-08-07', '02:56:29', 'cash', '9475237845', 'pritthish123@gmail.com', '13BBT0058'),
(8361, '15BCE0762', 'PRITTHISH CHATTOPADHYAY', 1006, 1, 150, '2015-08-07', '02:56:29', 'cash', '9475237845', 'pritthish123@gmail.com', '13BBT0058'),
(8362, '15BCE0762', 'PRITTHISH CHATTOPADHYAY', 1160, 1, 50, '2015-08-07', '02:56:29', 'cash', '9475237845', 'pritthish123@gmail.com', '13BBT0058'),
(8363, '15BCE0762', 'PRITTHISH CHATTOPADHYAY', 1024, 1, 100, '2015-08-07', '02:56:29', 'cash', '9475237845', 'pritthish123@gmail.com', '13BBT0058'),
(8364, '15BME0747', 'ANUSHKA RAJESH VARGANTWAR', 1026, 1, 1500, '2015-08-07', '03:02:19', 'cash', '9790073070', 'anushkavargantwar@gmail.com', '13BBT0058'),
(8365, '15BME0747', 'ANUSHKA RAJESH VARGANTWAR', 1044, 1, 150, '2015-08-07', '03:02:19', 'cash', '9790073070', 'anushkavargantwar@gmail.com', '13BBT0058'),
(8366, '15BME0747', 'ANUSHKA RAJESH VARGANTWAR', 1128, 1, 50, '2015-08-07', '03:02:19', 'cash', '9790073070', 'anushkavargantwar@gmail.com', '13BBT0058'),
(8367, '15BME0747', 'ANUSHKA RAJESH VARGANTWAR', 1032, 1, 200, '2015-08-07', '03:02:19', 'cash', '9790073070', 'anushkavargantwar@gmail.com', '13BBT0058'),
(8368, '15BME0747', 'ANUSHKA RAJESH VARGANTWAR', 1083, 1, 50, '2015-08-07', '03:02:19', 'cash', '9790073070', 'anushkavargantwar@gmail.com', '13BBT0058'),
(8369, '15BEE0100', 'VIJAY RAJA', 1047, 1, 300, '2015-08-07', '03:04:22', 'cash', '9840065202', 'vjraja97@gmail.com', '13BBT0058'),
(8370, '15BCE2043', 'MOHAMMAD TOUHID HOSSAIN SHAKIL', 1047, 1, 300, '2015-08-07', '03:09:24', 'cash', '9585583862', 'mthshakil02@gmail.com', '13BBT0058'),
(8371, '15BCE2043', 'MOHAMMAD TOUHID HOSSAIN SHAKIL', 1041, 1, 300, '2015-08-07', '03:09:24', 'cash', '9585583862', 'mthshakil02@gmail.com', '13BBT0058'),
(8372, '15BCE2043', 'MOHAMMAD TOUHID HOSSAIN SHAKIL', 1033, 1, 100, '2015-08-07', '03:09:24', 'cash', '9585583862', 'mthshakil02@gmail.com', '13BBT0058'),
(8373, '15BCE2043', 'MOHAMMAD TOUHID HOSSAIN SHAKIL', 1054, 1, 200, '2015-08-07', '03:09:24', 'cash', '9585583862', 'mthshakil02@gmail.com', '13BBT0058'),
(8374, '15BCE2043', 'MOHAMMAD TOUHID HOSSAIN SHAKIL', 1046, 1, 100, '2015-08-07', '03:09:24', 'cash', '9585583862', 'mthshakil02@gmail.com', '13BBT0058'),
(8375, '15BCE2043', 'MOHAMMAD TOUHID HOSSAIN SHAKIL', 1160, 1, 50, '2015-08-07', '03:09:24', 'cash', '9585583862', 'mthshakil02@gmail.com', '13BBT0058'),
(8376, '15BME0226', 'CHETAN SHARAF', 1011, 1, 200, '2015-08-07', '03:11:16', 'cash', '9003743296', 'chetansharaf1996@gmail.com', '13BBT0058'),
(8377, '15BME0357', 'SHARMA TUSHAR KANTI JAGRAM', 1011, 1, 200, '2015-08-07', '03:12:42', 'cash', '9942416475', 'sharmatushar257@gmail.com', '13BBT0058'),
(8378, '15BME0417', 'MRINAL', 1026, 1, 1500, '2015-08-07', '03:14:44', 'cash', '9790024292', 'mrinalsrivastava3@gmail.com', '13BBT0058'),
(8379, '15BME0787', 'PRAHLAD', 1083, 1, 50, '2015-08-07', '03:16:58', 'cash', '9003698969', 'prahladrajhans@gmail.com', '13BBT0058'),
(8380, '15BME0376', 'RAJENDRA', 1007, 1, 150, '2015-08-07', '03:20:12', 'cash', '8698978897', 'higgsboson08@gmail.com', '13BBT0058'),
(8381, '15BME0376', 'RAJENDRA', 1004, 1, 200, '2015-08-07', '03:20:12', 'cash', '8698978897', 'higgsboson08@gmail.com', '13BBT0058'),
(8382, '15BME0376', 'RAJENDRA', 1019, 1, 100, '2015-08-07', '03:20:12', 'cash', '8698978897', 'higgsboson08@gmail.com', '13BBT0058'),
(8383, '15BIT0095', 'KRISHAK CHOUKHANY', 1029, 1, 100, '2015-08-07', '03:32:09', 'cash', '9874085445', 'krishakchoukhany@gmail.com', '13BBT0058'),
(8384, '15BEC0596', 'PULKIT KHEMKA', 1029, 1, 100, '2015-08-07', '03:33:28', 'cash', '9830199227', 'pulkitkhemka2@gmail.com', '13BBT0058'),
(8385, '15BME0192', 'OSWAL RISHABH SANJAY', 1006, 1, 150, '2015-08-07', '03:43:13', 'cash', '9790014014', 'rishabh.taurean@gmail.com', '13BBT0058'),
(8386, '15BME0192', 'OSWAL RISHABH SANJAY', 1185, 1, 50, '2015-08-07', '03:43:13', 'cash', '9790014014', 'rishabh.taurean@gmail.com', '13BBT0058'),
(8387, '15BME0192', 'OSWAL RISHABH SANJAY', 1109, 1, 40, '2015-08-07', '03:43:13', 'cash', '9790014014', 'rishabh.taurean@gmail.com', '13BBT0058'),
(8388, '15BME0192', 'OSWAL RISHABH SANJAY', 1124, 1, 50, '2015-08-07', '03:43:13', 'cash', '9790014014', 'rishabh.taurean@gmail.com', '13BBT0058'),
(8389, '15BME0192', 'OSWAL RISHABH SANJAY', 1128, 1, 50, '2015-08-07', '03:43:13', 'cash', '9790014014', 'rishabh.taurean@gmail.com', '13BBT0058'),
(8390, '15BEE0046', 'TANISHA', 1124, 1, 50, '2015-08-07', '03:45:32', 'cash', '9003727924', '512tanisha@gmail.com', '13BBT0058'),
(8391, '15BME0850', 'ANUPAM', 1047, 1, 300, '2015-08-07', '03:48:41', 'cash', '9585356411', 'anupamboy96@gmail.com', '13BBT0058'),
(8392, '15BME0263', 'SRIRAM ', 1124, 1, 50, '2015-08-07', '03:49:25', 'cash', '9585580935', 'sriram.srini2@gmail.com', '13BBT0058'),
(8393, '14MSE0006', 'KANISHK', 1156, 1, 100, '2015-08-07', '03:51:05', 'cash', '9943017776', 'kanishkk27@gmail.com', '13BBT0058'),
(8394, '14MSE0006', 'KANISHK', 1155, 1, 0, '2015-08-07', '03:51:05', 'cash', '9943017776', 'kanishkk27@gmail.com', '13BBT0058'),
(8395, '15BEM0131', 'CHARCHIT', 1129, 1, 0, '2015-08-07', '03:52:42', 'cash', '9585397479', 'charchit.agarwal@yahoo.com', '13BBT0058'),
(8396, '15BCE0171', 'PIYUSH SHARMA', 1047, 1, 300, '2015-08-07', '03:59:06', 'cash', '9999770688', 'piyushshrm30@gmail.com', '13BBT0058'),
(8397, '15BCE0171', 'PIYUSH SHARMA', 1128, 1, 50, '2015-08-07', '03:59:06', 'cash', '9999770688', 'piyushshrm30@gmail.com', '13BBT0058'),
(8398, '15BEE0162', 'SHREYA BAGCHI', 1047, 1, 300, '2015-08-07', '04:01:00', 'cash', '9003738195', 'sbagchi97@live.com', '13BCB0012'),
(8399, '15BEE0002', 'SIMRAN BHALLA', 1047, 1, 300, '2015-08-07', '04:03:24', 'cash', '9003716767', 'simranbhalla14@gmail.com', '13BCB0012'),
(8400, '15BCE0229', 'RAJAT', 1047, 1, 300, '2015-08-07', '04:03:50', 'cash', '9999345441', 'rajatsharmasmail@gmail.com', '13BBT0058'),
(8401, '15BCE0229', 'RAJAT', 1128, 1, 50, '2015-08-07', '04:03:50', 'cash', '9999345441', 'rajatsharmasmail@gmail.com', '13BBT0058'),
(8402, '15BEE0272', 'NAKUL SRIVASTAVA', 1047, 1, 300, '2015-08-07', '04:04:59', 'cash', '9811451415', 'nakul.1697@gmail.com', '13BCB0012'),
(8403, '15BEM0142', 'CHITWAN RAZDAN', 1129, 1, 0, '2015-08-07', '04:05:01', 'cash', '9585588687', 'chitwanrazdan@gmail.com', '13BBT0058'),
(8404, '15BCL0135', 'ASHUTOSH GUPTA', 1009, 1, 0, '2015-08-07', '04:07:59', 'cash', '9003707350', 'ashtriyo@gmail.com', '13BCB0012'),
(8405, '15BCL0001', 'RAKESH BISHNOI', 1010, 1, 50, '2015-08-07', '04:10:41', 'cash', '9585354771', 'rbish1996@gmail.com', '13BCB0012'),
(8406, '15BCL0001', 'RAKESH BISHNOI', 1129, 1, 0, '2015-08-07', '04:10:41', 'cash', '9585354771', 'rbish1996@gmail.com', '13BCB0012'),
(8407, '15BCM0064', 'AYASH MOHAMAD', 1124, 1, 50, '2015-08-07', '04:10:46', 'cash', '9003773508', 'ayashanwar@hotmail.com', '12BME0298'),
(8408, '15BCM0064', 'AYASH MOHAMAD', 1025, 1, 600, '2015-08-07', '04:10:46', 'cash', '9003773508', 'ayashanwar@hotmail.com', '12BME0298'),
(8409, '15BME2070', 'JOSHI MALHAR', 1011, 1, 200, '2015-08-07', '04:12:39', 'cash', '9790620988', 'malharjoshi3@rediffmail.com', '13BCB0012'),
(8410, '15BME2070', 'JOSHI MALHAR', 1060, 1, 100, '2015-08-07', '04:12:39', 'cash', '9790620988', 'malharjoshi3@rediffmail.com', '13BCB0012'),
(8411, '15BCM0060', 'YASH GUPTA', 1025, 1, 600, '2015-08-07', '04:13:34', 'cash', '9585394303', 'yashgupta2196@gmail.com', '12BME0298'),
(8412, '15BCM0060', 'YASH GUPTA', 1054, 1, 200, '2015-08-07', '04:13:34', 'cash', '9585394303', 'yashgupta2196@gmail.com', '12BME0298'),
(8413, '15BCM0060', 'YASH GUPTA', 1124, 1, 50, '2015-08-07', '04:13:34', 'cash', '9585394303', 'yashgupta2196@gmail.com', '12BME0298'),
(8414, '15BCM0060', 'YASH GUPTA', 1072, 1, 50, '2015-08-07', '04:13:34', 'cash', '9585394303', 'yashgupta2196@gmail.com', '12BME0298'),
(8415, '15BCM0060', 'YASH GUPTA', 1073, 1, 100, '2015-08-07', '04:13:34', 'cash', '9585394303', 'yashgupta2196@gmail.com', '12BME0298'),
(8416, '15BEE0162', 'SHREYA BAGCHI', 1185, 1, 50, '2015-08-07', '04:15:40', 'cash', '9003738195', 'sbagchi97@live.com', '13BCB0012'),
(8417, '15BEE0272', 'NAKUL SRIVASTAVA', 1185, 1, 50, '2015-08-07', '04:17:29', 'cash', '9811451415', 'nakul.1697@gmail.com', '13BCB0012'),
(8418, '15BME0714', 'ROHAN SAJI GEORGE', 1109, 1, 40, '2015-08-07', '04:17:55', 'cash', '9003677079', 'sendrohanamail@gmail.com', '12BME0298'),
(8419, '15BME0714', 'ROHAN SAJI GEORGE', 1006, 1, 150, '2015-08-07', '04:17:55', 'cash', '9003677079', 'sendrohanamail@gmail.com', '12BME0298'),
(8420, '15BME0714', 'ROHAN SAJI GEORGE', 1128, 1, 50, '2015-08-07', '04:17:55', 'cash', '9003677079', 'sendrohanamail@gmail.com', '12BME0298'),
(8421, '15BME0714', 'ROHAN SAJI GEORGE', 1124, 1, 50, '2015-08-07', '04:17:55', 'cash', '9003677079', 'sendrohanamail@gmail.com', '12BME0298'),
(8422, '15BME0714', 'ROHAN SAJI GEORGE', 1185, 1, 50, '2015-08-07', '04:17:55', 'cash', '9003677079', 'sendrohanamail@gmail.com', '12BME0298'),
(8423, '15BEE0002', 'SIMRAN BHALLA', 1185, 1, 50, '2015-08-07', '04:19:18', 'cash', '9003716767', 'simranbhalla14@gmail.com', '13BCB0012'),
(8424, '15BEC0582', 'AKSHIT MATHUR', 1049, 1, 50, '2015-08-07', '04:26:58', 'cash', '9003719423', 'mathurakshit@gmail.com', '13BCB0012'),
(8425, '15BEC0582', 'AKSHIT MATHUR', 1044, 1, 150, '2015-08-07', '04:26:58', 'cash', '9003719423', 'mathurakshit@gmail.com', '13BCB0012'),
(8426, '15BEC0582', 'AKSHIT MATHUR', 1045, 1, 200, '2015-08-07', '04:26:58', 'cash', '9003719423', 'mathurakshit@gmail.com', '13BCB0012'),
(8427, '15BEC0582', 'AKSHIT MATHUR', 1129, 1, 0, '2015-08-07', '04:26:58', 'cash', '9003719423', 'mathurakshit@gmail.com', '13BCB0012'),
(8428, '15BEC0582', 'AKSHIT MATHUR', 1124, 1, 50, '2015-08-07', '04:26:58', 'cash', '9003719423', 'mathurakshit@gmail.com', '13BCB0012'),
(8429, '15BEC0582', 'AKSHIT MATHUR', 1027, 1, 50, '2015-08-07', '04:26:58', 'cash', '9003719423', 'mathurakshit@gmail.com', '13BCB0012'),
(8430, '15BEC0582', 'AKSHIT MATHUR', 1084, 1, 50, '2015-08-07', '04:26:58', 'cash', '9003719423', 'mathurakshit@gmail.com', '13BCB0012'),
(8431, '15BME2069', 'PRIYANSHU MEENA', 1011, 1, 200, '2015-08-07', '04:29:42', 'cash', '8056235758', 'priyanshumeena297@yahoo.in', '13BCB0012'),
(8432, '15BME2069', 'PRIYANSHU MEENA', 1060, 1, 100, '2015-08-07', '04:29:42', 'cash', '8056235758', 'priyanshumeena297@yahoo.in', '13BCB0012'),
(8433, '15BEM0078', 'SIDDHANTH SHETTY', 1129, 1, 0, '2015-08-07', '04:35:40', 'cash', '9920936822', 'shettysiddhanth4@gmail.com', '13BCB0012'),
(8434, '15BEM0137', 'BILLTON JOSEPH VITUS', 1129, 1, 0, '2015-08-07', '04:36:47', 'cash', '9585353055', 'billton.vitus007@gmail.com', '13BCB0012'),
(8435, '15BEM0116', 'KARAMMEL EDWIN MODY', 1129, 1, 0, '2015-08-07', '04:37:52', 'cash', '9942399019', 'karammeledwin.mody2015@vit.ac.in', '13BCB0012'),
(8436, '15BME2070', 'JOSHI MALHAR PRASAD', 1004, 1, 200, '2015-08-07', '04:38:20', 'cash', '9790620988', 'malharjoshi3@rediff.com', '13BCE0280'),
(8437, '15BME2070', 'JOSHI MALHAR PRASAD', 1129, 1, 0, '2015-08-07', '04:38:20', 'cash', '9790620988', 'malharjoshi3@rediff.com', '13BCE0280'),
(8438, '15BME2070', 'JOSHI MALHAR PRASAD', 1095, 1, 50, '2015-08-07', '04:38:20', 'cash', '9790620988', 'malharjoshi3@rediff.com', '13BCE0280'),
(8439, '15BME0068', 'ANGAD SINGH VOHRA', 1006, 1, 150, '2015-08-07', '04:39:15', 'cash', '9790072714', 'vohra.angad29@gmail.com', '13BCB0012'),
(8440, '15BME0068', 'ANGAD SINGH VOHRA', 1124, 1, 50, '2015-08-07', '04:41:21', 'cash', '9790072714', 'vohra.angad29@gmail.com', '13BCB0012'),
(8441, '15BCH0002', 'Deepak Harish', 1128, 1, 50, '2015-08-07', '05:09:41', 'cash', '9790008909', 'deepakharish123@gmail.com', '13BCB0031'),
(8442, '15BCH0002', 'Deepak Harish', 1127, 1, 150, '2015-08-07', '05:09:41', 'cash', '9790008909', 'deepakharish123@gmail.com', '13BCB0031'),
(8443, '15BCH0002', 'Deepak Harish', 1124, 1, 50, '2015-08-07', '05:09:41', 'cash', '9790008909', 'deepakharish123@gmail.com', '13BCB0031'),
(8444, '15BCE0115', 'Kevin Christopher', 1128, 1, 50, '2015-08-07', '05:11:37', 'cash', '9020747777', 'kevinmastersrules@gmail.com', '13BCB0031'),
(8445, '15BCE0115', 'Kevin Christopher', 1127, 1, 150, '2015-08-07', '05:11:37', 'cash', '9020747777', 'kevinmastersrules@gmail.com', '13BCB0031'),
(8446, '15BCE0115', 'Kevin Christopher', 1124, 1, 50, '2015-08-07', '05:11:37', 'cash', '9020747777', 'kevinmastersrules@gmail.com', '13BCB0031'),
(8447, '15BME0146', 'Deon Jamy Joseph', 1127, 1, 150, '2015-08-07', '05:13:02', 'cash', '9446369534', 'deonmuthu@gmail.com', '13BCB0031'),
(8448, '15BME0146', 'Deon Jamy Joseph', 1124, 1, 50, '2015-08-07', '05:13:02', 'cash', '9446369534', 'deonmuthu@gmail.com', '13BCB0031'),
(8449, '15BIT0002', 'Anshul Agarawal', 1127, 1, 150, '2015-08-07', '05:16:16', 'cash', '9790067273', 'er.anshulbly@gmail.com', '13BCB0031'),
(8450, '15BIT0002', 'Anshul Agarawal', 1111, 1, 50, '2015-08-07', '05:16:16', 'cash', '9790067273', 'er.anshulbly@gmail.com', '13BCB0031'),
(8451, '15BIT0002', 'Anshul Agarawal', 1038, 1, 1000, '2015-08-07', '05:16:16', 'cash', '9790067273', 'er.anshulbly@gmail.com', '13BCB0031'),
(8452, '15BIT0002', 'Anshul Agarawal', 1045, 1, 200, '2015-08-07', '05:16:16', 'cash', '9790067273', 'er.anshulbly@gmail.com', '13BCB0031'),
(8453, '15BIT0002', 'Anshul Agarawal', 1011, 1, 200, '2015-08-07', '05:16:16', 'cash', '9790067273', 'er.anshulbly@gmail.com', '13BCB0031'),
(8454, '15BCE0129', 'Adwaith Sreekumar', 1047, 1, 300, '2015-08-07', '05:17:32', 'cash', '8220334905', 'adwaithsreekumar@icloud.com', '13BCB0031'),
(8455, '15BEM0080', 'Nikhil Joseph Martin ', 1129, 1, 0, '2015-08-07', '05:19:25', 'cash', '9942386771', 'nikhilmartin8@gmail.com', '13BCB0031'),
(8456, '15BEM0080', 'Nikhil Joseph Martin ', 1128, 1, 50, '2015-08-07', '05:19:25', 'cash', '9942386771', 'nikhilmartin8@gmail.com', '13BCB0031'),
(8457, '15BEM0080', 'Nikhil Joseph Martin ', 1124, 1, 50, '2015-08-07', '05:19:25', 'cash', '9942386771', 'nikhilmartin8@gmail.com', '13BCB0031'),
(8458, '15BEM0080', 'Nikhil Joseph Martin ', 1127, 1, 150, '2015-08-07', '05:19:25', 'cash', '9942386771', 'nikhilmartin8@gmail.com', '13BCB0031'),
(8459, '15BCB0036', 'Sandipan Mukherjee', 1060, 1, 100, '2015-08-07', '05:21:13', 'cash', '9790541798', 'sandimukherjee123@gmail.com', '13BCB0031'),
(8460, '15BME0035', 'Kevin John Alex', 1129, 1, 0, '2015-08-07', '05:22:28', 'cash', '9790005025', 'kevin9725@yahoo.co.in', '13BCB0031'),
(8461, '15BME0035', 'Kevin John Alex', 1128, 1, 50, '2015-08-07', '05:22:28', 'cash', '9790005025', 'kevin9725@yahoo.co.in', '13BCB0031'),
(8462, '15BMA0021', 'SATVIK HURIA', 1011, 1, 200, '2015-08-07', '05:30:06', 'cash', '7742137223', 'satvikhuria97@gmail.com', '13BCB0012'),
(8463, '15MIS0215', 'Rahul Surana', 1017, 1, 450, '2015-08-07', '05:31:34', 'cash', '7382123221', 'rahulsurana37@yahoo.com', '13BCB0031'),
(8464, '15BCM0065', 'FIDAH SULTANA', 1124, 1, 50, '2015-08-07', '05:32:47', 'cash', '9003716271', 'fidah.s.18@gmail.com', '13BCB0012'),
(8465, '15BCM0065', 'FIDAH SULTANA', 1025, 1, 600, '2015-08-07', '05:32:47', 'cash', '9003716271', 'fidah.s.18@gmail.com', '13BCB0012'),
(8466, '15MIS0022', 'Pasupuleti Reddy Raghava Charan Mehatha', 1017, 1, 450, '2015-08-07', '05:33:37', 'cash', '9603847656', 'raghavacharan601@gmail.com', '13BCB0031'),
(8467, '15BCM0053', 'PRANJAL SAMARTH', 1124, 1, 50, '2015-08-07', '05:34:53', 'cash', '7259324242', 'pranjalsamarth@gmail.com', '13BCB0012'),
(8468, '15MIS0185', 'Nelaturi Ramakrishna Reddy', 1017, 1, 450, '2015-08-07', '05:35:03', 'cash', '9087023426', 'ramakrishnareddy8554@gmail.com', '13BCB0031'),
(8469, '15BME0464', 'AYUSH GUPTA', 1025, 1, 600, '2015-08-07', '05:36:09', 'cash', '8989273756', 'ayush.gupta2015@vit.ac.in', '13BCB0012'),
(8470, '15BME0464', 'AYUSH GUPTA', 1032, 1, 200, '2015-08-07', '05:36:09', 'cash', '8989273756', 'ayush.gupta2015@vit.ac.in', '13BCB0012'),
(8471, '15MIS0119', 'Boreddy Parameswara Reddy', 1017, 1, 450, '2015-08-07', '05:36:39', 'cash', '9790091460', 'boreddyparamesh@gmail.com', '13BCB0031'),
(8472, '15MIS0373', 'Smd Wasim', 1017, 1, 450, '2015-08-07', '05:37:44', 'cash', '9790092454', 'wasimdhoni007@gmail.com', '13BCB0031'),
(8473, '14BME0719', 'SHASHANK ACHARYA', 1151, 1, 0, '2015-08-07', '05:37:59', 'cash', '9655908583', 'achashash99@gmail.com', '13BCB0012'),
(8474, '15BCM0033', 'SAMIHA BHAT', 1025, 1, 600, '2015-08-07', '05:39:09', 'cash', '9087021663', 'samihabhat@yahoo.co.in', '13BCB0012'),
(8475, '15BCM0033', 'SAMIHA BHAT', 1124, 1, 50, '2015-08-07', '05:39:09', 'cash', '9087021663', 'samihabhat@yahoo.co.in', '13BCB0012'),
(8476, '15BIT0018', 'K B Bharath', 1041, 1, 300, '2015-08-07', '05:39:28', 'cash', '8277353471', 'bharathsoe@gmail.com', '13BCB0031'),
(8477, '15BME0886', 'ROCHAN PARASHAR', 1124, 1, 50, '2015-08-07', '05:41:51', 'cash', '9560658014', 'rochanparashar@gmail.com', '13BCB0012'),
(8478, '15BME0886', 'ROCHAN PARASHAR', 1147, 1, 35, '2015-08-07', '05:41:51', 'cash', '9560658014', 'rochanparashar@gmail.com', '13BCB0012'),
(8479, '15BME0886', 'ROCHAN PARASHAR', 1007, 1, 150, '2015-08-07', '05:41:51', 'cash', '9560658014', 'rochanparashar@gmail.com', '13BCB0012'),
(8480, '15BCE0172', 'CHIRAG MEHTA', 1006, 1, 150, '2015-08-07', '05:45:59', 'cash', '9578585403', 'mchirag822@gmail.com', '13BCB0012'),
(8481, '15BCE0160', 'Naman Bhaia', 1129, 1, 0, '2015-08-07', '05:46:24', 'cash', '9830640300', 'namanbhaia@gmail.com', '13BCB0031'),
(8482, '15BCE2015', 'Shubham Hissaria', 1129, 1, 0, '2015-08-07', '05:47:37', 'cash', '9787466601', 'smhsurat@gmail.com', '13BCB0031'),
(8483, '15BCE0254', 'Akhil Manickam K', 1129, 1, 0, '2015-08-07', '05:48:39', 'cash', '9442885706', 'akhilmanickam007@yahoo.in', '13BCB0031'),
(8484, '15BME0070', 'ARJUN BAWEJA', 1011, 1, 200, '2015-08-07', '06:04:36', 'cash', '9087020103', 'arjunbaweja7@gmail.com', '13BCB0012'),
(8485, '15BME0644', 'Akash Raj Dhudhwani', 1007, 1, 150, '2015-08-07', '06:06:13', 'cash', '9445906951', 'akashrj169@gmail.com', '13BCL0150'),
(8486, '15BCE0992', 'SAURABH MENON', 1053, 1, 500, '2015-08-07', '06:08:13', 'cash', '9567386368', 'saurabhmenon97@gmail.com', '13BCB0012'),
(8487, '15BCE0992', 'SAURABH MENON', 1033, 1, 100, '2015-08-07', '06:08:13', 'cash', '9567386368', 'saurabhmenon97@gmail.com', '13BCB0012'),
(8488, '15BCE0992', 'SAURABH MENON', 1029, 1, 100, '2015-08-07', '06:08:13', 'cash', '9567386368', 'saurabhmenon97@gmail.com', '13BCB0012'),
(8489, '15BCE0992', 'SAURABH MENON', 1040, 1, 100, '2015-08-07', '06:08:13', 'cash', '9567386368', 'saurabhmenon97@gmail.com', '13BCB0012'),
(8490, '15BCE0992', 'SAURABH MENON', 1052, 1, 100, '2015-08-07', '06:08:13', 'cash', '9567386368', 'saurabhmenon97@gmail.com', '13BCB0012'),
(8491, '14BCL0264', 'Deepanker Raj', 1151, 1, 0, '2015-08-07', '06:10:23', 'cash', '7502507089', 'deepankerraj5@gmail.com', '13BCL0150'),
(8492, '15BME0052', 'Kiran Ashok', 1027, 1, 50, '2015-08-07', '06:11:46', 'cash', '9746046784', 'kiranashok007@gmail.com', '13BCL0150'),
(8493, '15BME0091', 'Joel Varghese', 1027, 1, 50, '2015-08-07', '06:12:55', 'cash', '9495841593', 'joeljibyvarghese1997@gmail.com', '13BCL0150'),
(8494, '14BME0436', 'Aman Kumar', 1151, 1, 0, '2015-08-07', '06:14:07', 'cash', '8754350729', 'coolaman5233@gmail.com', '13BCL0150'),
(8495, '15BCE0148', 'VARDAAN MITTAL', 1079, 1, 100, '2015-08-07', '06:19:44', 'cash', '9790045774', 'MITTAL_VARDAAN@REDIFFMAIL.COM', '13BCE0774'),
(8496, '15BCE0148', 'VARDAAN MITTAL', 1041, 1, 300, '2015-08-07', '06:19:44', 'cash', '9790045774', 'MITTAL_VARDAAN@REDIFFMAIL.COM', '13BCE0774'),
(8497, '15BCE0148', 'VARDAAN MITTAL', 1029, 1, 100, '2015-08-07', '06:19:44', 'cash', '9790045774', 'MITTAL_VARDAAN@REDIFFMAIL.COM', '13BCE0774'),
(8498, '15BIT0199', 'VAIBHAV KAKKAR', 1006, 1, 150, '2015-08-07', '06:19:48', 'cash', '9790041030', 'vaibhav.kakkar97@gmail.com', '13MSE0320'),
(8499, '15BIT0199', 'VAIBHAV KAKKAR', 1079, 1, 100, '2015-08-07', '06:19:48', 'cash', '9790041030', 'vaibhav.kakkar97@gmail.com', '13MSE0320'),
(8500, '15BIT0199', 'VAIBHAV KAKKAR', 1041, 1, 300, '2015-08-07', '06:19:48', 'cash', '9790041030', 'vaibhav.kakkar97@gmail.com', '13MSE0320'),
(8501, '15BIT0199', 'VAIBHAV KAKKAR', 1029, 1, 100, '2015-08-07', '06:19:48', 'cash', '9790041030', 'vaibhav.kakkar97@gmail.com', '13MSE0320'),
(8502, '14BME0823', 'VARUN NAIR', 1142, 1, 50, '2015-08-07', '06:38:12', 'cash', '9655848117', 'NAIRVARUNGOPI@YAHOO.CO.IN', '13BCE0774'),
(8503, '14BME0799', 'METHA DIPESH BHARAT', 1142, 1, 50, '2015-08-07', '06:38:13', 'cash', '7845780932', 'dipeshbmetha@gmail.com', '13MSE0320'),
(8504, '15BEE0270', 'Shashank Sharma', 1028, 1, 600, '2015-08-07', '06:42:33', 'cash', '7871232434', 'ssharma0704@gmail.com', '13BCL0150'),
(8505, '15BEE0270', 'Shashank Sharma', 1026, 1, 1500, '2015-08-07', '06:42:33', 'cash', '7871232434', 'ssharma0704@gmail.com', '13BCL0150'),
(8506, '15BEE0270', 'Shashank Sharma', 1038, 1, 1000, '2015-08-07', '06:42:33', 'cash', '7871232434', 'ssharma0704@gmail.com', '13BCL0150'),
(8507, '15BEE0270', 'Shashank Sharma', 1060, 1, 100, '2015-08-07', '06:42:33', 'cash', '7871232434', 'ssharma0704@gmail.com', '13BCL0150'),
(8508, '15BEE0270', 'Shashank Sharma', 1062, 1, 100, '2015-08-07', '06:42:33', 'cash', '7871232434', 'ssharma0704@gmail.com', '13BCL0150'),
(8509, '15BEE0270', 'Shashank Sharma', 1068, 1, 100, '2015-08-07', '06:42:33', 'cash', '7871232434', 'ssharma0704@gmail.com', '13BCL0150'),
(8510, '15BEE0270', 'Shashank Sharma', 1005, 1, 200, '2015-08-07', '06:42:33', 'cash', '7871232434', 'ssharma0704@gmail.com', '13BCL0150'),
(8511, '15BEE0281', 'TANMAY BHADANI', 1026, 1, 1500, '2015-08-07', '06:43:46', 'cash', '9790053089', 'tanmaybhadani@gmail.com', '13BCE0756'),
(8512, '15BEE0281', 'TANMAY BHADANI', 1038, 1, 1000, '2015-08-07', '06:43:46', 'cash', '9790053089', 'tanmaybhadani@gmail.com', '13BCE0756'),
(8513, '15BEE0281', 'TANMAY BHADANI', 1060, 1, 100, '2015-08-07', '06:43:46', 'cash', '9790053089', 'tanmaybhadani@gmail.com', '13BCE0756'),
(8514, '15BEE0281', 'TANMAY BHADANI', 1068, 1, 100, '2015-08-07', '06:43:46', 'cash', '9790053089', 'tanmaybhadani@gmail.com', '13BCE0756'),
(8515, '15BEE0281', 'TANMAY BHADANI', 1039, 1, 300, '2015-08-07', '06:43:46', 'cash', '9790053089', 'tanmaybhadani@gmail.com', '13BCE0756'),
(8516, '15BEE0281', 'TANMAY BHADANI', 1028, 1, 600, '2015-08-07', '06:43:46', 'cash', '9790053089', 'tanmaybhadani@gmail.com', '13BCE0756'),
(8517, '15BCE0260', 'DEVASHISH MITAL', 1161, 1, 50, '2015-08-07', '06:43:49', 'cash', '9456639689', 'DEVASHISH.MITAL@GMAIL.COM', '13MSE0320'),
(8518, '15BCE0260', 'DEVASHISH MITAL', 1124, 1, 50, '2015-08-07', '06:43:49', 'cash', '9456639689', 'DEVASHISH.MITAL@GMAIL.COM', '13MSE0320'),
(8519, '15BME0729', 'NIKHIL PILLAI', 1011, 1, 200, '2015-08-07', '06:45:58', 'cash', '8764431875', 'NPILLAI846@GMAIL.COM', '13BCE0774'),
(8520, '15BEE0108', 'VARSHITA KYAL', 1038, 1, 1000, '2015-08-07', '06:46:45', 'cash', '9003717332', 'kyalvarshita@gmail.com', '13BCE0756'),
(8521, '15BEE0108', 'VARSHITA KYAL', 1026, 1, 1500, '2015-08-07', '06:46:45', 'cash', '9003717332', 'kyalvarshita@gmail.com', '13BCE0756'),
(8522, '15BEE0108', 'VARSHITA KYAL', 1039, 1, 300, '2015-08-07', '06:46:45', 'cash', '9003717332', 'kyalvarshita@gmail.com', '13BCE0756'),
(8523, '15BEE0108', 'VARSHITA KYAL', 1068, 1, 100, '2015-08-07', '06:46:45', 'cash', '9003717332', 'kyalvarshita@gmail.com', '13BCE0756'),
(8524, '15BEE0108', 'VARSHITA KYAL', 1060, 1, 100, '2015-08-07', '06:46:45', 'cash', '9003717332', 'kyalvarshita@gmail.com', '13BCE0756'),
(8525, '15BMD0024', 'GYANENDRA PANIGRAHI', 1007, 1, 150, '2015-08-07', '06:48:41', 'cash', '7401197422', 'tadu8908@gmail.com', '13MSE0320'),
(8526, '15BEI0063', 'Shubham Katare', 1038, 1, 1000, '2015-08-07', '06:48:52', 'cash', '9585377818', 'kshubh96@gmail.com', '13BCL0150'),
(8527, '15BEI0063', 'Shubham Katare', 1028, 1, 600, '2015-08-07', '06:48:52', 'cash', '9585377818', 'kshubh96@gmail.com', '13BCL0150'),
(8528, '15BEI0063', 'Shubham Katare', 1060, 1, 100, '2015-08-07', '06:48:52', 'cash', '9585377818', 'kshubh96@gmail.com', '13BCL0150'),
(8529, '15BEI0063', 'Shubham Katare', 1062, 1, 100, '2015-08-07', '06:48:52', 'cash', '9585377818', 'kshubh96@gmail.com', '13BCL0150'),
(8530, '15BEI0063', 'Shubham Katare', 1068, 1, 100, '2015-08-07', '06:48:52', 'cash', '9585377818', 'kshubh96@gmail.com', '13BCL0150'),
(8531, '15BEI0063', 'Shubham Katare', 1005, 1, 200, '2015-08-07', '06:48:52', 'cash', '9585377818', 'kshubh96@gmail.com', '13BCL0150'),
(8532, '15BEI0063', 'Shubham Katare', 1007, 1, 150, '2015-08-07', '06:48:52', 'cash', '9585377818', 'kshubh96@gmail.com', '13BCL0150'),
(8533, '15BEI0063', 'Shubham Katare', 1011, 1, 200, '2015-08-07', '06:48:52', 'cash', '9585377818', 'kshubh96@gmail.com', '13BCL0150'),
(8534, '15BEI0063', 'Shubham Katare', 1148, 1, 50, '2015-08-07', '06:48:52', 'cash', '9585377818', 'kshubh96@gmail.com', '13BCL0150'),
(8535, '15BIT0007', 'ANANDU SREEKUMAR', 1117, 1, 50, '2015-08-07', '06:54:17', 'cash', '9809579997', 'anandu.sreekumar123@gmail.com', '13BCE0756'),
(8536, '15BIT0083', 'MATUKUMALLI TEJA HARSHINI', 1117, 1, 50, '2015-08-07', '06:56:47', 'cash', '9790611008', 'mtejaharshini@gmail.com', '13BCE0756'),
(8537, '15BIT0357', 'SALONI CHHABRA', 1117, 1, 50, '2015-08-07', '06:58:23', 'cash', '9585315160', 'salonirajiv97@gmail.com', '13BCE0756'),
(8538, '15BIT0357', 'SALONI CHHABRA', 1101, 1, 50, '2015-08-07', '06:58:23', 'cash', '9585315160', 'salonirajiv97@gmail.com', '13BCE0756'),
(8539, '15BEI0037', 'Arush Sinha', 1011, 1, 200, '2015-08-07', '07:02:30', 'cash', '9003768935', 'arushsinha135@gmail.com', '13BCL0150');
INSERT INTO `internal_registration` (`id`, `regno`, `name`, `event_id`, `team`, `price`, `date`, `time`, `rrno`, `phno`, `email`, `cord_login`) VALUES
(8540, '15BEI0077', 'Pallav Bohra', 1011, 1, 200, '2015-08-07', '07:03:27', 'cash', '9790053789', 'pallavbohra@gmail.com', '13BCL0150'),
(8541, '15BIT0007', 'ANANDU SREEKUMAR', 1060, 1, 100, '2015-08-07', '07:04:26', 'cash', '9809579997', 'anandu.sreekumar123@gmail.com', '13BCE0756'),
(8542, '15BIT0357', 'SALONI CHHABRA', 1060, 1, 100, '2015-08-07', '07:05:31', 'cash', '9585315160', 'salonirajiv97@gmail.com', '13BCE0756'),
(8543, '15bIT0083', 'Matukumalli Teja Harshini', 1060, 1, 100, '2015-08-07', '07:05:41', 'cash', '9790611008', 'mtejaharshini@gmail.com', '13BCL0150'),
(8544, '15BIT0241', 'AREEB AHMED', 1060, 1, 100, '2015-08-07', '07:06:56', 'cash', '9585449765', 'areeb.ahmed04@gmail.com', '13BCE0756'),
(8545, '15BEE0203', 'DURGESH RAJ', 1046, 1, 100, '2015-08-07', '07:28:58', 'cash', '8056679576', 'PSCHAMP01@GMAIL.COM', '13BCE0774'),
(8546, '15BEI0060', 'ABHISHEK KUMAR', 1046, 1, 100, '2015-08-07', '07:29:00', 'cash', '7305215582', 'raina7603@gmail.com', '13MSE0320'),
(8547, '15BEE0066', 'ABHINAV PRAKASH', 1046, 1, 100, '2015-08-07', '07:29:57', 'cash', '9087020750', 'ABHINAV.PRAKASH78@GMAIL.COM', '13BCE0774'),
(8548, '15BME0955', 'UMA SHANKAR LATH', 1147, 1, 35, '2015-08-08', '01:52:07', 'cash', '9578616674', 'umashankar.lath@gmail.com', '13BCE0786'),
(8549, '15BME0955', 'UMA SHANKAR LATH', 1078, 1, 50, '2015-08-08', '01:52:07', 'cash', '9578616674', 'umashankar.lath@gmail.com', '13BCE0786'),
(8550, '15BME0955', 'UMA SHANKAR LATH', 1041, 1, 300, '2015-08-08', '01:52:07', 'cash', '9578616674', 'umashankar.lath@gmail.com', '13BCE0786'),
(8551, '15BME0955', 'UMA SHANKAR LATH', 1129, 1, 0, '2015-08-08', '01:52:07', 'cash', '9578616674', 'umashankar.lath@gmail.com', '13BCE0786'),
(8552, '15BEE0210', 'KAMAL PRASAD', 1129, 1, 0, '2015-08-08', '01:55:04', 'cash', '9995821731', 'kamz.prasad@gmail.com', '13BCE0679'),
(8553, '15BEE0008', 'AKASH JAYAN', 1129, 1, 0, '2015-08-08', '01:56:40', 'cash', '9003755398', 'akash12blaze@gmail.com', '13BCE0679'),
(8554, '15BEE0055', 'Keshav Ahuja', 1148, 1, 50, '2015-08-08', '01:59:21', 'cash', '9790527967', 'keshavahujadav19977@gmail.com', '13BCE0786'),
(8555, '15BEE0037', 'SHASWAT RAJPUT', 1148, 1, 50, '2015-08-08', '01:59:39', 'cash', '8267937153', 'shaswatrajput@outlook.com', '13BCE0280'),
(8556, '15BEE0037', 'SHASWAT RAJPUT', 1025, 1, 600, '2015-08-08', '01:59:39', 'cash', '8267937153', 'shaswatrajput@outlook.com', '13BCE0280'),
(8557, '13BCE0786', 'Akshay Chelawat', 1129, 1, 0, '2015-08-08', '02:01:23', 'cash', '0876083580', 'aryanchelawat0@gmail.com', '13BCE0786'),
(8558, '13BCE0398', 'VINAYAK GUPTA', 1129, 1, 0, '2015-08-08', '02:01:52', 'cash', '9629774430', 'vinayak.gupta16@gmail.com', '13BCE0679'),
(8559, '14BCL0108', 'Akshay Bhatt', 1151, 1, 0, '2015-08-08', '03:32:53', 'cash', '9994535477', 'akshay96pkbhatt@gmail.com', '13BCE0786'),
(8560, '15BCB0006', 'Khushboo Soni', 1038, 1, 1000, '2015-08-08', '04:03:09', 'cash', '9555553456', 'khusboosoni13@yahoo.com', '13BCE0398'),
(8561, '15BEE0180', 'ARYAN RAJ SINGH', 1038, 1, 1000, '2015-08-08', '04:04:40', 'cash', '9711489358', 'smart.aryanraj@gmail.com', '13BCE0398'),
(8562, '15BEC0667', 'ARYA M NAIR', 1038, 1, 1000, '2015-08-08', '04:05:57', 'cash', '7868879294', 'aryam.nair2015@vit.ac.in', '13BCE0607'),
(8563, '15BEE0283', 'SHUBHAM SHARMA', 1038, 1, 1000, '2015-08-08', '04:06:09', 'cash', '8744923207', 'sharma.shubham859@gmail.com', '13BCE0398'),
(8564, '13BBT0055', 'SIDARTH KUMARAN', 1011, 1, 200, '2015-08-08', '04:19:36', 'cash', '9895150000', 'siddarthkumaran@yahoo.com', '13BEC0240'),
(8565, '15BEC0397', 'GAHANA RAO', 1101, 1, 50, '2015-08-08', '04:44:42', 'cash', '9003745300', 'gahana.rao@gmail.com', '13MSE0320'),
(8566, '15BEC0397', 'GAHANA RAO', 1036, 1, 100, '2015-08-08', '04:44:42', 'cash', '9003745300', 'gahana.rao@gmail.com', '13MSE0320'),
(8567, '15BEC0397', 'GAHANA RAO', 1044, 1, 150, '2015-08-08', '04:44:42', 'cash', '9003745300', 'gahana.rao@gmail.com', '13MSE0320'),
(8568, '15BEC0397', 'GAHANA RAO', 1172, 1, 50, '2015-08-08', '04:46:14', 'cash', '9003745300', 'gahana.rao@gmail.com', '13MSE0320'),
(8569, '15BEC0422', 'ANIRBAAN DAS', 1156, 1, 100, '2015-08-08', '04:49:13', 'cash', '9003722732', 'anirbaan0307@gmail.com', '13MSE0320'),
(8570, '15BEC0422', 'ANIRBAAN DAS', 1101, 1, 50, '2015-08-08', '04:49:13', 'cash', '9003722732', 'anirbaan0307@gmail.com', '13MSE0320'),
(8571, '15BEC0422', 'ANIRBAAN DAS', 1036, 1, 100, '2015-08-08', '04:49:13', 'cash', '9003722732', 'anirbaan0307@gmail.com', '13MSE0320'),
(8572, '15BEC0422', 'ANIRBAAN DAS', 1172, 1, 50, '2015-08-08', '04:49:13', 'cash', '9003722732', 'anirbaan0307@gmail.com', '13MSE0320'),
(8573, '15BEC0422', 'ANIRBAAN DAS', 1044, 1, 150, '2015-08-08', '04:49:13', 'cash', '9003722732', 'anirbaan0307@gmail.com', '13MSE0320'),
(8574, '15BEC0616', 'SHIVAM GAMBHIR', 1044, 1, 150, '2015-08-08', '04:51:08', 'cash', '9003118349', 'shivaasu@gmail.com', '13MSE0320'),
(8575, '15BEC0616', 'SHIVAM GAMBHIR', 1011, 1, 200, '2015-08-08', '04:51:08', 'cash', '9003118349', 'shivaasu@gmail.com', '13MSE0320'),
(8576, '15BCL0297', 'TANISHQ CHAWLA', 1011, 1, 200, '2015-08-08', '04:54:53', 'cash', '9790052406', 'chawla.tanishq26@gmail.com', '13BEC0396'),
(8577, '15BCL0297', 'TANISHQ CHAWLA', 1044, 1, 150, '2015-08-08', '04:54:53', 'cash', '9790052406', 'chawla.tanishq26@gmail.com', '13BEC0396'),
(8578, '15BCL0297', 'TANISHQ CHAWLA', 1172, 1, 50, '2015-08-08', '04:54:53', 'cash', '9790052406', 'chawla.tanishq26@gmail.com', '13BEC0396'),
(8579, '15BEC0413', 'NIDHISH MEHROTRA', 1044, 1, 150, '2015-08-08', '04:55:51', 'cash', '9003752621', 'mehortranidhish@gmail.com', '13MSE0320'),
(8580, '15BEC0413', 'NIDHISH MEHROTRA', 1011, 1, 200, '2015-08-08', '04:55:51', 'cash', '9003752621', 'mehortranidhish@gmail.com', '13MSE0320'),
(8581, '15BEC0413', 'NIDHISH MEHROTRA', 1110, 1, 100, '2015-08-08', '04:55:51', 'cash', '9003752621', 'mehortranidhish@gmail.com', '13MSE0320'),
(8582, '15BEC0442', 'CYRIL JOE BABY', 1011, 1, 200, '2015-08-08', '04:57:36', 'cash', '9003772537', 'cyrilbabyjoe@gmail.com', '13BEC0396'),
(8583, '15BEC0442', 'CYRIL JOE BABY', 1044, 1, 150, '2015-08-08', '04:57:36', 'cash', '9003772537', 'cyrilbabyjoe@gmail.com', '13BEC0396'),
(8584, '15BCE0950', 'AMRITA VISALAM', 1127, 1, 150, '2015-08-08', '05:19:40', 'cash', '9585395443', 'amritravisalam@gmail.com', '13BEC0784'),
(8585, '15BCE0950', 'AMRITA VISALAM', 1124, 1, 50, '2015-08-08', '05:19:40', 'cash', '9585395443', 'amritravisalam@gmail.com', '13BEC0784'),
(8586, '15BCE0950', 'AMRITA VISALAM', 1044, 1, 150, '2015-08-08', '05:19:40', 'cash', '9585395443', 'amritravisalam@gmail.com', '13BEC0784'),
(8587, '15BCE0950', 'AMRITA VISALAM', 1047, 1, 300, '2015-08-08', '05:19:40', 'cash', '9585395443', 'amritravisalam@gmail.com', '13BEC0784');

-- --------------------------------------------------------

--
-- Table structure for table `login_cms`
--

CREATE TABLE IF NOT EXISTS `login_cms` (
  `regno` varchar(9) NOT NULL,
  `password` varchar(10) NOT NULL,
  PRIMARY KEY (`regno`)
) ENGINE=InnoDB DEFAULT CHARSET=latin1;

--
-- Dumping data for table `login_cms`
--

INSERT INTO `login_cms` (`regno`, `password`) VALUES
('test', 'test1');

-- --------------------------------------------------------

--
-- Table structure for table `login_internals`
--

CREATE TABLE IF NOT EXISTS `login_internals` (
  `regno` varchar(9) NOT NULL,
  `password` varchar(40) NOT NULL,
  PRIMARY KEY (`regno`)
) ENGINE=InnoDB DEFAULT CHARSET=latin1;

--
-- Dumping data for table `login_internals`
--

INSERT INTO `login_internals` (`regno`, `password`) VALUES
('12BBT0097', 'mahesanjb'),
('12BCE0047', 'gravitas'),
('12BCE0066', 'pinly123'),
('12BCE0102', 'kivikavya'),
('12BCE0150', 'aishwarya'),
('12BCE0285', 'bunny123'),
('12BCE0540', 'panush203'),
('12BCL0038', 'vinoth5694'),
('12BEC0015', 'srujith.p'),
('12BEC0046', 'pappu007'),
('12BEE0022', 'abhinaya1994'),
('12BEE0123', '25081992'),
('12BIT0054', 'helloworld'),
('12BIT0060', 'varun_modi1@'),
('12BIT0136', 'hahahahaha'),
('12BIT0239', 'nikitha@15'),
('12BME0298', 'sanchit23'),
('12BME0411', 'wasim@123'),
('12MSE0287', 'sravya'),
('12mse0363', 'chaitanya1010'),
('13BBT0058', '20091995'),
('13BCB0012', 'clvergirl'),
('13BCB0031', 'piks'),
('13BCE0265', 'krishna3'),
('13BCE0280', 'carpediem'),
('13BCE0398', 'vinayak.gupta16'),
('13BCE0495', 'sonali6184'),
('13BCE0607', 'Gravitas15'),
('13BCE0679', 'geniprobe1306'),
('13BCE0756', 'ayushi09'),
('13BCE0774', 'ankitak'),
('13BCE0786', 'akkibce786'),
('13BCE0833', 'hdtd'),
('13BCH0018', 'gravitas'),
('13BCL0150', 'ylayomi@'),
('13BCL0329', 'pranav#44'),
('13BEC0183', 'anu123preetham'),
('13BEC0240', 'qwerty'),
('13BEC0396', 'mh31bb4060'),
('13BEC0417', 'tarun_417'),
('13BEC0454', 'sudheer'),
('13BEC0604', 'escape'),
('13BEC0784', 'iloveferrari'),
('13BIT0191', 'aditi1710'),
('13BPI0015', 'otha9789'),
('13BPI0041', '185563rohit'),
('13MSE0320', 'jason123'),
('13MSE0358', '0358');

-- --------------------------------------------------------

--
-- Table structure for table `login_sales`
--

CREATE TABLE IF NOT EXISTS `login_sales` (
  `regno` varchar(10) NOT NULL,
  `password` varchar(15) NOT NULL,
  PRIMARY KEY (`regno`)
) ENGINE=InnoDB DEFAULT CHARSET=latin1;

--
-- Dumping data for table `login_sales`
--

INSERT INTO `login_sales` (`regno`, `password`) VALUES
('a1', 'a1');

-- --------------------------------------------------------

--
-- Table structure for table `online_payment`
--

CREATE TABLE IF NOT EXISTS `online_payment` (
  `trans_id` int(11) NOT NULL AUTO_INCREMENT,
  `regno` text NOT NULL,
  `sum` text NOT NULL,
  `date` date NOT NULL,
  `tpslid` varchar(100) DEFAULT NULL,
  `bankrefno` varchar(100) DEFAULT NULL,
  `txndate` text,
  `status` int(11) DEFAULT NULL,
  `paid_status` int(11) NOT NULL DEFAULT '0',
  `progress_level` varchar(30) NOT NULL DEFAULT 'Waiting',
  PRIMARY KEY (`trans_id`)
) ENGINE=InnoDB  DEFAULT CHARSET=latin1 AUTO_INCREMENT=50018 ;

--
-- Dumping data for table `online_payment`
--

INSERT INTO `online_payment` (`trans_id`, `regno`, `sum`, `date`, `tpslid`, `bankrefno`, `txndate`, `status`, `paid_status`, `progress_level`) VALUES
(50000, '10000', '1', '2015-08-01', NULL, NULL, NULL, NULL, 0, 'Waiting'),
(50001, '10000', '1', '2015-08-01', NULL, NULL, NULL, NULL, 0, 'Waiting'),
(50002, '10000', '1', '2015-08-01', NULL, NULL, NULL, NULL, 0, 'Waiting'),
(50003, '10000', '1', '2015-08-01', NULL, NULL, NULL, NULL, 0, 'Waiting'),
(50004, '10000', '1', '2015-08-01', '169464503', '201508019414845', '0000-00-00 00:00:00', 300, 1, 'success'),
(50005, '10000', '1', '2015-08-01', '169465828', '201508019419795', '01-08-2015 12:56:43', 300, 1, 'success'),
(50006, '10000', '400', '2015-08-01', NULL, NULL, NULL, NULL, 0, 'Waiting'),
(50007, '10015', '100', '2015-08-06', NULL, NULL, NULL, NULL, 0, 'Waiting'),
(50008, '10028', '200', '2015-08-06', '', '', '', 399, 0, 'failure'),
(50009, '10032', '25500', '2015-08-06', NULL, NULL, NULL, NULL, 0, 'Waiting'),
(50010, '10034', '50', '2015-08-07', NULL, NULL, NULL, NULL, 0, 'Waiting'),
(50011, '10042', '150', '2015-08-07', '170451923', '201508073084246', '07-08-2015 07:38:03', 300, 1, 'success'),
(50012, '10043', '150', '2015-08-07', NULL, NULL, NULL, NULL, 0, 'Waiting'),
(50013, '10043', '150', '2015-08-07', NULL, NULL, NULL, NULL, 0, 'Waiting'),
(50014, '10053', '380', '2015-08-08', '', '', '', 399, 0, 'failure'),
(50015, '10066', '250', '2015-08-08', NULL, NULL, NULL, NULL, 0, 'Waiting'),
(50016, '10066', '700', '2015-08-08', '170596591', '201508083625854', '08-08-2015 06:08:33', 300, 1, 'success'),
(50017, '10066', '700', '2015-08-08', NULL, NULL, NULL, NULL, 0, 'Waiting');

-- --------------------------------------------------------

--
-- Table structure for table `order_sales`
--

CREATE TABLE IF NOT EXISTS `order_sales` (
  `unique_id` int(11) NOT NULL AUTO_INCREMENT,
  `t_1` int(11) NOT NULL,
  `t_2` int(11) NOT NULL,
  `c_1` int(11) NOT NULL,
  `c_2` int(11) NOT NULL,
  `c_3` int(11) NOT NULL,
  `size_t_1` varchar(11) NOT NULL,
  `size_t_2` varchar(11) NOT NULL,
  `size_c_1_t_1` varchar(11) NOT NULL,
  `size_c_1_t_2` varchar(11) NOT NULL,
  `size_c_2_t_1` varchar(11) NOT NULL,
  `size_c_3_t_1` varchar(11) NOT NULL,
  `size_c_3_t_2` varchar(11) NOT NULL,
  `regno` varchar(11) NOT NULL,
  `phno` varchar(10) NOT NULL,
  `blck_name` varchar(2) NOT NULL,
  `blck_numb` int(4) NOT NULL,
  `paid_status` int(11) NOT NULL,
  `delivery_status` int(11) NOT NULL,
  `amount` int(11) NOT NULL,
  PRIMARY KEY (`unique_id`),
  UNIQUE KEY `unique_id` (`unique_id`)
) ENGINE=InnoDB  DEFAULT CHARSET=latin1 AUTO_INCREMENT=6 ;

--
-- Dumping data for table `order_sales`
--

INSERT INTO `order_sales` (`unique_id`, `t_1`, `t_2`, `c_1`, `c_2`, `c_3`, `size_t_1`, `size_t_2`, `size_c_1_t_1`, `size_c_1_t_2`, `size_c_2_t_1`, `size_c_3_t_1`, `size_c_3_t_2`, `regno`, `phno`, `blck_name`, `blck_numb`, `paid_status`, `delivery_status`, `amount`) VALUES
(1, 0, 0, 0, 1, 0, '0', '0', '0', '0', 'M', '0', '0', '', '', '', 0, 0, 0, 0),
(2, 0, 0, 0, 1, 0, '0', '0', '0', '0', 'L', '0', '0', '13bce0999', '9999999999', 'L', 999, 0, 0, 0),
(3, 1, 1, 1, 0, 0, 'L', 'L', 'L', 'L', '0', '0', '0', '13bce0267', '9092658797', 'L', 658, 0, 0, 0),
(4, 1, 1, 0, 1, 0, 'S', 'S', '0', '0', 'S', '0', '0', '13bce0267', '6515165165', 'L', 965, 0, 0, 4748),
(5, 1, 0, 0, 1, 0, 'L', '0', '0', '0', 'S', '0', '0', '13bee0368', '9092658797', 'L', 658, 0, 0, 4249);

/*!40101 SET CHARACTER_SET_CLIENT=@OLD_CHARACTER_SET_CLIENT */;
/*!40101 SET CHARACTER_SET_RESULTS=@OLD_CHARACTER_SET_RESULTS */;
/*!40101 SET COLLATION_CONNECTION=@OLD_COLLATION_CONNECTION */;
